"","Target","X1","X2","X3","X4","X5","X6","X7","X8","X9","X10","X11","X12","X13","X14","X15","X16","X17","X18","X19","X20","X21","X22","X23","X24","X25","X26","X27","X28","X29","X30","X31","X32","X33","X34","X35","X36","X37","X38","X39","X40","X41","X42","X43","X44","X45","ARIMA","ETS","SVR","ELM","XGB","MLP","LSTM","DESTC"
"11",102625.7143,103350.7843,103342.7385,103379.3953,103331.1705,103001.2246,102726.2863,103526.0868,103573.184,103561.6698,103627.075,103416.0698,103245.5278,103388.3017,103639.2302,104069.6524,103376.6484,103214.7975,103043.7292,103077.4303,103165.772,103713.3136,103415.5831,103680.1413,103723.0461,103778.8741,103512.237,103326.6407,103469.9243,103306.0856,103445.0096,98939.09614,100989.1755,100649.7488,100806.4483,100771.9549,102610.5575,100715.3638,101340.0624,101504.7792,101146.2936,99139.95275,100392.8483,101407.4394,101009.827,101650.4097,103362.4077,103751.0622,103215.0116,103300.9218,116572.8395,104622.6999,102808.4245,100392.8483
"12",100583.2857,101889.1751,101737.3467,101648.8651,101477.2726,101405.9128,101213.3035,101765.8248,101932.2401,101852.4249,101803.6507,101675.5876,101500.1864,102264.2049,102112.7606,102697.8813,101855.6887,101684.8703,101462.974,101788.2446,101747.5342,101413.8951,101480.9302,101644.0508,101710.7782,101759.7985,101132.0017,101280.8991,101877.0743,101660.2306,102016.7961,103006.33,103198.91,102605.6841,103497.9842,103771.6324,101085.4887,102906.9258,103453.0459,103722.4826,104219.5461,99587.26253,103606.9785,104372.8042,104064.3112,103293.1663,101923.0928,102277.3749,101707.8578,101364.9019,115653.6714,103367.6729,101377.6089,103006.33
"13",100385.5714,99324.51784,99293.70515,99295.65265,99038.5353,98839.34626,98614.14834,99214.59504,99286.09329,99248.54146,99311.34686,99014.5749,98950.28941,99290.78429,99319.44554,99753.52968,99382.87918,99100.93382,98933.51681,99140.89905,99123.98372,99354.21639,99205.16362,99493.75702,99303.89078,99566.16243,99543.03345,99042.8363,99361.87057,99343.31367,99389.2079,98633.75823,99368.72993,99865.62738,99364.92815,98783.16316,98026.15209,99856.93927,99652.24937,99881.75045,100411.104,98105.32978,101224.4202,100080.676,98720.10405,98451.34915,99405.80248,99814.37003,99285.13644,99026.11804,114511.4362,100595.7149,99124.5253,99124.5253
"14",99186.85714,99762.5634,99760.48174,99660.38857,99821.39559,99681.93612,99168.62988,99823.42617,99821.34816,99740.10666,99708.04174,99646.18103,99501.2775,99779.03347,99891.68239,100327.557,99725.27278,99721.55787,99388.76288,99770.23911,99609.60219,99659.9074,99541.75888,99571.68904,99649.28808,99660.99866,99490.65097,99050.57201,99511.35143,99210.71578,99560.45183,100489.6021,100107.634,99997.68767,99962.33818,100672.3017,98705.71886,99713.32063,100363.2467,100065.9957,99718.37759,96514.52595,99818.78225,100403.4004,99349.70566,99338.15216,99777.85015,99798.52673,99370.498,99104.09996,113640.7491,98220.54239,98981.49952,99590.645615
"15",96036.57143,98299.19797,98329.2025,98233.53835,98078.04893,98133.84885,97608.55352,98058.08743,98067.38886,97995.28768,98008.55037,97884.62824,97802.75704,98358.83577,98203.6695,98736.85431,98308.88124,98314.51306,98005.59339,98637.63205,98577.76701,97938.8259,97893.54261,98019.76823,97853.06856,98102.60443,97853.39387,97854.74327,98215.57221,97918.90765,98143.67352,96603.42598,97402.38305,97733.98286,97205.01068,97210.61528,96955.79732,97622.88089,97701.81638,97578.62921,98002.08481,95897.3366,97805.09612,98078.85908,96893.89797,96861.81405,98408.85057,98469.0048,98035.45119,97562.82654,112614.0823,96885.17649,97708.00237,98012.68081
"16",95771.71429,94316.08606,94269.3474,94340.52443,93880.77957,93592.92447,93580.87227,94164.93161,94279.97793,94270.93073,94385.29857,93917.83847,93941.2776,94202.49996,94239.7069,94646.08266,94311.8026,94127.47282,93819.88019,94312.24618,94376.75281,94071.14733,93881.43771,94331.08373,94207.2107,94097.40522,94082.55738,93838.75916,93995.18888,93954.36465,94030.25024,97026.98675,94935.36057,94726.06396,94503.62063,94669.74284,94067.46222,94109.0079,94304.48606,94901.26492,94622.69942,92587.26688,94587.27986,94303.89067,93667.0777,93767.53668,94356.45329,94724.82512,94350.0594,94269.31915,111252.0029,94984.89721,94432.02039,94340.571565
"17",95314,94971.84602,94904.17106,94797.22455,95040.49465,94804.49066,94391.66259,95109.10927,95141.34867,95042.51699,94974.23328,94954.44592,94755.52299,94969.51467,95154.64152,95596.62207,94932.37967,94856.60237,94480.5186,95077.04233,94990.8004,94953.70482,94726.23893,94795.33325,95090.68754,95000.81625,94584.43835,94559.34422,94933.65037,94428.16075,94886.5387,93022.39569,95087.22717,95001.46799,94783.81141,95168.75183,92483.88102,94729.71697,95271.74723,95058.08187,94871.33998,91547.42255,95169.14788,95693.21873,94287.4828,94115.5801,94911.88012,94788.93326,94499.37151,94337.15407,110110.4619,92845.63422,94260.55805,94641.59146
"18",89726.28571,94603.67117,94677.6983,94500.25455,94529.59781,94715.34527,93951.72849,94324.58651,94276.74369,94179.10031,94131.06978,94165.34825,94058.14386,94652.79805,94407.92128,94994.70175,94635.14933,94686.68538,94441.59975,95075.1891,95133.77416,94243.13185,94243.75235,94231.54189,94029.72418,94481.78161,94259.41136,94234.83311,94712.69355,94329.41078,94578.1246,93898.89533,94580.18339,94850.84768,94870.67831,94431.34142,93216.72767,94816.97173,94619.88928,94316.97052,95058.93939,92861.23111,94999.50311,95108.78949,93945.4403,93801.62824,94737.55066,94511.18489,94204.67275,93505.06331,108986.3993,91367.50286,93793.7595,94336.57082
"19",96652.28571,87007.75686,86925.25034,87092.84963,86142.83363,85823.11814,86284.97746,86662.35061,86881.63627,86923.39254,87111.42588,86242.39152,86578.62586,86839.39674,86709.39439,87051.56281,87012.12852,86703.89985,86458.9336,86687.45015,86647.67673,86468.66372,86348.82469,87106.24644,86715.06928,86499.34614,86911.70227,86345.14602,86539.39316,86786.49305,86604.00522,91986.58531,87542.77772,87581.65373,87203.25106,86520.21418,87056.55495,86303.36859,86168.50441,86919.93049,86497.3822,86107.60927,87284.68976,85771.88556,85419.82354,85508.65533,87103.81318,87727.69616,87384.65582,87257.83479,106976.6875,89237.23941,87817.40674,87081.400695
"20",95369.85714,98610.68447,98886.9979,98561.43858,100532.0996,100600.4516,98366.70918,99302.03177,98872.42423,98788.43547,98506.35506,99064.74912,98789.85555,98137.48445,98741.28452,99260.60423,98532.52295,99114.8034,98705.33615,98935.31698,98704.34011,99521.29716,98902.14506,98315.00004,99355.7339,99438.55968,99053.14434,98421.31041,99296.80984,97599.05181,98434.88175,92201.51058,98534.42596,98205.80739,98923.96389,100588.5685,94977.48225,98750.90255,100094.2939,98986.17445,98434.87989,93029.52544,97677.28252,100455.356,98255.95535,98666.43482,98417.82357,97042.43963,97137.70054,97171.66595,107819.9545,88560.45155,95886.56205,98285.477695
"21",95983.42857,95221.37324,95381.84881,95164.14672,94403.95614,95783.00868,94298.36175,94204.80535,94194.4688,94003.36328,94020.48815,94200.96849,94166.00276,96206.68415,94729.82496,95896.72122,95243.19364,95694.90814,95614.86633,96553.40644,96885.87672,93542.06751,94016.93282,94019.48465,93276.59936,94355.18021,93212.58087,95278.87294,95634.87481,94974.39454,95710.0717,95022.13647,94747.268,95791.02881,95223.88704,93977.1642,94076.90449,96354.30907,94906.1258,94672.89445,96433.24409,95951.26239,96467.05576,95546.4509,94833.89601,93442.85709,95612.55594,95312.38839,95073.07302,93692.95427,107388.0013,89535.67463,94489.19104,95148.48003
"22",101376.7143,96451.40802,96853.30905,97219.29972,97282.03032,97309.9507,95796.43385,96954.2108,96616.18395,96838.39734,97207.6696,96858.84227,96641.50298,95433.99651,96721.50448,97097.26126,96472.3504,96771.74778,96951.41865,97386.50518,96721.24465,97808.16772,96848.50951,97259.34978,97447.04526,97183.21266,97197.47609,97083.43383,96879.32562,96671.37857,96027.51689,101566.4602,98171.41383,97928.68021,98257.09078,98569.45367,96974.30309,97801.46599,97692.47183,99421.0604,97629.6786,95525.41298,97271.54703,96413.2173,96698.25991,97695.38726,96351.23211,96101.22857,96413.69991,97527.45878,109231.395,90264.50116,96184.30309,97271.54703
"23",102542.2857,104032.2804,104138.8547,103584.2359,104294.5918,104803.3791,104101.8046,104274.3934,104540.305,104347.0347,103993.7989,103849.9578,104261.7176,104994.2547,104212.7199,105233.2034,103793.7875,104284.8487,103617.6471,104586.4443,104652.3851,103244.0095,103205.028,102905.2953,103969.0908,103683.1379,101789.3344,103300.6382,105165.591,103680.6457,104439.7463,96797.34666,103424.8804,103460.2083,103231.3065,104262.2497,98429.41868,103939.4639,104418.3638,103583.563,102330.7466,98225.89685,103172.3898,105714.356,103460.3085,102450.2953,103824.0103,102847.8633,103002.2346,102821.6498,110851.858,92153.67358,102202.7777,102202.7777
"24",103779.5714,103854.9926,104155.8633,104225.4254,103827.8466,104796.395,103364.1272,103569.9577,103260.2243,103237.1707,103438.8281,103508.168,103396.78,104139.6506,103818.2746,104712.2872,104099.5038,104004.4562,104680.5119,104200.1108,104514.6862,104414.8528,104211.9085,104386.1055,103114.1124,104459.6986,104256.0484,105022.0297,104656.8812,104567.2216,104880.0838,103340.3588,103102.6454,103994.0508,103555.7347,102142.2381,104498.0473,104761.9286,103446.6696,103615.1247,105160.529,105713.213,104703.4171,103156.7849,103754.8271,103042.182,104124.9095,103868.4159,103935.6907,103459.6408,112584.2078,95490.74335,103471.7007,103471.7007
"25",110106.1429,105119.9874,105163.56,105436.3269,105264.0262,105708.9084,104616.24,105573.0685,105550.1361,105706.6563,105882.0665,105855.4038,105444.1443,105325.9772,105940.7477,106287.5293,104994.6211,104971.514,105767.2431,105153.5056,105173.7357,105167.3123,105087.5255,105229.3612,106153.3999,105513.4367,104843.443,105128.2375,105435.1666,105715.1818,105492.8389,114652.855,108057.5101,107938.9786,108015.468,108377.5403,106263.3347,107925.9321,108198.4706,108859.963,106628.054,104425.4732,107064.3314,106887.9575,107198.6443,107152.8291,105007.7625,105022.554,105217.5655,105910.875,114816.0818,98892.18589,104980.1032,107064.3314
"26",105577.7143,113442.7345,113617.4093,113307.99,114054.6871,113767.8166,113765.0026,113952.7286,114034.0923,113923.532,113667.0341,113437.9859,114011.7009,113982.6088,113565.8994,114250.9422,113399.9293,113512.5856,113078.5835,113639.9207,113574.9471,113906.3598,113652.1588,113415.5515,113575.6043,113636.6951,113271.6381,113348.7737,114222.1729,113537.4612,113719.2802,101987.9372,109482.514,109773.3979,109540.4389,109070.1844,109523.4947,110054.344,110268.6946,109164.3168,108100.0412,107348.3277,109169.1289,110777.3196,108566.4083,108043.7373,113331.5001,112601.8713,112656.4211,112642.7565,117527.9685,102435.2782,111697.5918,109540.4389
"27",107686.4286,104838.4331,104660.8296,104910.6749,103352.0338,103592.8773,103698.9935,104179.0599,104379.7978,104462.8901,104752.4739,104417.4494,103925.4671,106125.547,105474.6011,106102.7393,104966.4357,104221.0309,104949.0479,104593.4742,104713.5148,104056.7655,104554.4115,105468.0559,104791.9471,105548.0976,104726.8149,105769.8075,106491.1579,106790.4793,107052.3805,113139.7623,106118.0131,105674.6505,106387.8621,106082.6949,108060.7921,105680.0956,105637.3561,106171.3862,107804.7482,106059.8399,105781.2625,106041.0849,108300.815,106667.4994,105095.6486,106151.5788,105790.498,105430.93,117846.8573,106118.3841,106102.1205,106387.8621
"28",109256,108636.2257,108537.1722,108743.6242,109262.9965,109506.8584,108099.621,109727.8517,109935.878,110044.0945,110043.3727,109949.9133,109514.8993,108742.8346,109687.9142,109944.6317,108600.498,109320.5032,109324.3703,109158.9469,107985.7057,110061.0274,109649.3016,109799.6862,111080.3106,110364.5884,109835.0239,109018.4362,109236.948,109524.822,109502.555,110014.236,109614.8702,109202.074,109535.0681,109220.4029,108616.1782,109862.6305,110585.3202,111180.6883,108468.0395,105915.0379,109993.4841,109852.2423,109359.7224,109230.3198,108364.767,108628.8367,108514.3274,109522.2072,119310.2125,107280.1308,108208.1992,109262.9965
"29",110538.8571,110105.5596,109883.6939,109461.3949,109492.5315,110024.5397,109697.2297,109734.028,110090.9554,109827.4603,109512.4634,109341.5404,109499.7903,111439.2741,110325.0674,111340.3397,110075.1522,109818.0344,109840.1122,110149.4724,110063.1609,108857.5496,109701.1764,109393.7456,109036.7895,109667.5158,109013.0103,109308.2099,110823.9071,110507.6283,110803.1432,103628.4592,107714.9865,108002.9536,107724.4403,108176.9623,107419.8576,107775.1949,107904.4675,106477.4086,106965.6541,104696.4328,107189.598,109348.9834,108196.702,107723.1275,110222.4604,110317.2652,109696.6728,108595.0622,119053.019,107839.9618,108996.3905,107724.4403
"30",111134,111256.0595,111704.0651,111807.1603,111857.2259,112325.0273,110837.8948,111458.2989,111059.2005,111140.6393,111365.7527,111214.1232,111090.5375,110841.6549,111303.3655,112008.1045,111463.6569,111410.347,111671.3144,111733.5043,111123.4231,112361.707,112179.6375,112144.9531,111204.8014,112106.9195,112793.6651,111982.7515,111419.5434,111530.5776,111240.7153,115250.7086,112104.7334,112063.3732,112619.6629,111881.0069,114000.4689,112912.0687,112897.6545,112609.3299,113530.3352,111802.594,112446.4995,112413.1189,112561.3534,112882.5977,111512.138,111609.044,111247.2369,111083.4728,120347.6638,109810.9234,110357.0444,112619.6629
"31",111422.2857,111871.6561,111783.8504,111837.6707,111651.7424,111659.9874,111391.5236,112017.1938,112153.5018,112137.6256,112153.4342,111998.6762,111796.5303,112446.7183,112376.0897,112907.0093,111652.5575,111874.2065,112027.096,111875.8189,111816.5425,110949.0876,111075.6134,111140.6121,111806.5755,111282.3695,110191.0864,110798.3181,111459.9927,111288.1676,111621.7694,113474.4164,112545.1561,112313.2185,112695.8204,113156.6605,110521.2129,112323.4615,112999.7289,113247.4791,112079.4077,108313.8282,112558.6781,112996.288,112578.3248,111693.9732,111819.1253,112033.2545,111661.8126,111847.8029,121336.6961,110302.2538,111104.0311,112079.4077
"32",104167.5714,111851.9208,111770.6345,111805.2591,111661.3915,111554.251,111340.6109,111999.2067,112125.6931,112105.3022,112119.574,111956.0171,111758.071,112315.8897,112306.1784,112816.2102,111927.5024,111680.8217,112095.4768,111786.9696,112022.65,112337.2563,111974.7795,112380.9857,112318.012,112600.7909,111888.8867,112306.2977,112543.4103,112276.9269,112464.4141,104194.4392,109205.5185,108993.076,108707.9041,108350.0699,110385.9848,109301.5999,109366.3979,109489.3365,110002.373,108274.3782,109492.4373,109544.1629,109536.9985,109615.9646,111849.2467,112123.3,111703.0665,111780.8739,121935.835,109853.6898,111428.1758,110002.373
"33",106295.5714,101235.6077,100747.8166,100972.7489,99543.18925,99568.58069,100095.2544,100630.9104,101161.2154,101314.1316,101401.3056,100593.6508,100422.5613,101692.075,101251.3187,102029.8052,101257.7512,100866.2126,101231.9277,100426.5414,100642.4999,100269.3213,100470.4339,101624.7752,101897.7099,102005.126,100563.8877,100921.0261,101943.0692,102467.0928,102637.456,110798.684,104252.4346,103679.818,104173.7133,104138.8177,102930.2448,102815.4587,103130.9448,104439.5514,104442.0965,101415.8808,104563.7678,103330.3892,104181.9277,102969.6184,101285.7999,102787.7856,102096.63,102020.4342,119829.1861,108299.0376,102923.3112,104563.7678
"34",105837.2857,106080.9733,105981.5071,105839.5609,106850.7394,106224.4944,105666.4952,106967.6809,106941.4251,106803.3641,106642.7667,106758.0419,106463.5028,106246.4502,106918.8732,107012.9321,106112.5865,106462.6992,106106.6708,105197.4004,105081.9718,107378.9811,106895.1821,106719.6072,107422.4098,107447.4628,107312.1226,106019.4889,106679.0036,106424.1537,106774.6088,101117.0052,105129.208,105380.8396,105046.8504,105735.9384,103210.1402,105585.954,106153.4973,105602.9293,104274.2564,100644.5051,106098.7733,106042.6058,104764.8764,104483.746,105914.1549,105881.0873,105396.8714,105468.9578,118930.7938,105202.8977,104924.2466,104924.2466
"35",106942.8571,105127.4701,105164.5245,104769.5308,104685.6491,105501.5621,104283.7243,104269.2471,104264.534,104084.2785,103914.7571,104093.4479,104048.2178,105608.9402,104723.2503,105507.0228,105147.8438,105248.1697,104669.5769,105749.1709,106033.458,103825.065,104339.2264,104090.0845,103285.5497,104245.4786,104308.7013,103774.1793,105020.8678,104570.1952,104681.1802,104628.0807,103819.9198,104162.8662,104417.6181,104101.7691,104846.944,104040.5891,104261.5926,102968.4444,104098.8078,102014.898,103385.7209,105282.8729,103595.5262,103940.3864,105473.5006,105430.6835,104662.1264,103062.3354,117185.676,104162.8556,103848.6278,103848.6278
"36",106252.7143,107090.4281,107679.6637,107776.8067,108212.2783,108393.1089,106603.5714,107410.9574,106936.3812,107066.8266,107327.7497,106937.6351,106910.4193,106308.8715,106983.2176,107547.1675,107155.4191,107691.5999,107417.9774,107398.0675,107402.2313,108105.208,107589.789,107608.7954,107100.4327,107631.3018,108193.5921,107143.0077,106888.1624,106710.4869,106495.161,108988.9657,107084.505,107381.1982,107659.4185,108078.4912,108511.812,107829.2851,108248.1477,108446.6381,108198.0401,106261.0335,107523.3301,107649.8638,106392.2898,107193.1092,107249.084,106944.1616,106695.4799,106867.2647,117977.8341,104296.7578,105779.1782,107523.3301
"37",107309.7143,106182.1035,106022.759,105984.375,105673.2681,105666.7035,105533.0319,106050.5746,106253.5867,106190.8736,106169.0576,106013.8739,105817.0618,106835.3489,106543.7057,107181.7026,105939.6036,106359.763,105708.7491,106683.8979,106919.9788,104970.452,104905.9046,105214.8415,105896.1887,105233.5375,103318.2128,105300.1908,105825.4064,105244.218,105845.9364,104156.3509,106160.1538,105939.4676,105774.7695,106503.5688,103149.8923,105602.1618,106363.8277,106756.5831,106093.5553,102165.8356,105945.6922,107070.5745,105683.9851,104718.3065,106096.7728,106076.0303,105785.0953,105848.2271,117946.7323,103171.0466,105533.9097,105533.9097
"38",108872.5714,107713.4143,107793.6806,107786.6238,107964.1308,107839.5074,107250.4072,107988.3117,107936.5479,107913.8942,107942.6806,107867.6414,107715.6222,107785.9679,108045.2904,108511.7135,107834.4845,107743.3643,108695.913,107791.7373,108038.8593,108689.4542,108017.0093,108316.8901,108475.3044,108973.3115,108186.1122,108477.9444,108705.6001,108117.2673,108299.3722,102531.6835,107474.3948,107530.0583,106764.8236,107112.4291,105786.1441,108512.1052,107944.0324,108400.0988,109265.1228,106055.534,108657.6389,108430.9384,107897.5168,107742.8894,107687.87,107458.7099,107327.6801,107440.4477,118428.7285,102193.5798,107108.1478,107108.1478
"39",118573.8571,109662.6754,109704.7708,109600.9139,109715.6267,110018.9222,109260.5191,109693.3046,109677.2555,109584.517,109537.5673,109513.1882,109462.5807,110056.4035,109878.6231,110511.9336,109615.4436,109767.8579,109562.4624,109742.9774,109618.5953,109344.5093,109436.8451,109311.5416,109250.203,109442.6856,109070.7435,109152.8217,109619.5529,109296.1077,109563.4181,115117.5855,113109.0826,113286.619,113099.821,113438.8689,108599.1828,113166.9091,112760.0947,112433.0879,112018.4637,108881.8312,113284.1207,112016.623,111185.0292,110834.1717,109702.6011,109379.0394,109274.4875,108933.7005,118992.1667,102631.6691,108868.2772,113284.1207
"40",120637.5714,123000.6978,123638.6637,123456.251,125037.4761,124718.773,123942.0797,123882.1528,123141.3878,123186.1443,122927.6744,123015.4353,123764.6241,122535.6622,122791.9572,123803.809,123020.077,123937.5953,123514.7353,123670.2292,122444.5166,124475.4903,123774.0924,123041.4808,122994.8119,123814.1954,123597.3538,123535.3156,123314.5666,122259.7575,122520.6367,115777.8512,120908.3976,122141.3984,121733.2406,121951.1234,120479.8272,123098.1022,123202.0378,121735.2112,120854.2989,118770.7377,121578.0165,121890.7752,119588.0972,119510.0986,123050.9396,121425.4657,121669.2736,121529.5932,122777.0939,105899.1349,120040.9108,120040.9108
"41",122101.8571,123275.7397,123558.9165,123723.506,122937.5806,123343.7615,123165.9039,122921.4986,122485.5003,122340.2285,122609.5271,122604.3294,122586.8525,124025.2807,123225.5399,124169.3753,123200.115,123750.2104,123366.2127,124250.316,123946.6498,122128.8007,122043.6029,122150.4635,121898.654,122555.3586,121103.6855,123950.5275,123692.1576,123567.5703,123679.185,126945.011,123140.3664,123272.3035,123539.4152,123065.243,124314.6908,123668.9444,123054.4706,123200.7472,123142.8412,122272.3941,122250.1284,122543.2996,123351.3706,121528.0016,123503.784,123157.6153,123241.8929,123038.6799,126136.2038,112116.4052,122615.6847,122615.6847
"42",124728.7143,124236.5672,124232.0489,124764.5317,124492.0448,124794.1442,123914.198,125162.9418,125165.6028,125523.4811,125727.1442,125849.5231,124940.2278,124629.8399,125535.9077,125657.4442,124216.9248,124081.0491,123853.391,125219.1144,124881.4534,125952.6808,124738.9391,125786.3717,126549.1041,125742.3376,124165.4988,125692.0245,125956.4245,126139.3947,125348.5858,124535.2973,124317.3578,123977.4624,124046.5478,122849.4541,125093.7817,124216.2176,124609.0285,126209.9849,124400.1275,124047.4917,124355.2392,123640.69,124539.435,125175.8275,123997.3889,124235.4588,124493.0921,126038.4215,129878.6745,116935.7714,124686.4223,124492.0448
"43",126889.8571,126898.689,126902.8968,126366.9944,126830.8186,127278.3354,126785.8374,127228.5614,128027.6528,127982.3535,127696.9443,126795.8721,127004.926,128473.5973,127554.6497,127983.3758,126824.4973,127115.4859,126464.7444,126445.5877,126844.4343,126526.1474,126979.7202,127419.6282,127732.7432,127503.4953,126692.818,126618.4208,128256.7266,128550.0075,128505.8753,124744.6443,127633.6593,127309.1388,128091.8568,127916.1602,125395.5227,127472.3155,128079.6195,127648.6848,126745.6605,124846.2223,127585.5891,128840.0251,127909.0625,127590.904,126684.526,126892.331,126743.5832,126910.9269,131739.3979,120217.8646,126803.8806,126803.8806
"44",127175.5714,128491.8478,128529.5704,128559.1793,128504.9227,128844.4062,128457.7534,128746.8811,128744.6205,128681.8221,128675.6613,128483.501,128516.7518,128952.7511,128812.0759,129200.9316,128730.6348,129019.7386,128941.9903,128567.4834,128511.029,129377.1206,129747.1896,129953.1404,128838.3184,129657.2125,129797.6602,129646.0378,129369.532,129877.0712,129833.0643,129627.2622,128329.0984,129092.9452,129152.9591,127594.7292,130811.1959,129006.249,129033.3828,127967.2234,128416.6211,130234.8557,128895.6928,128069.2386,127642.8535,127443.5822,128675.3029,128954.6045,128601.2284,128203.7824,133415.8167,123829.656,128198.3385,128504.9227
"45",127023.2857,127999.5698,127961.4908,128100.6897,127740.862,127859.3185,127701.7194,128188.1386,128260.4033,128269.9033,128336.8507,128138.438,127910.3192,128384.7482,128360.144,128711.2711,127950.3929,127747.4499,129074.9044,127868.4805,128522.8899,127480.2653,127974.9318,128014.3668,128681.1312,128656.4551,127648.8388,127664.8298,128596.4938,128799.5519,128725.2406,134935.4361,128421.4653,127974.1811,129048.4395,129567.7349,130928.3829,128513.4794,129527.7412,128697.4964,127594.6222,126115.5599,126914.539,128800.4764,128843.9102,127945.4168,128091.1099,128688.3623,128196.0803,128227.6428,134759.2276,127109.3196,127780.8887,127780.8887
"46",125313.4286,127381.3377,127187.1763,127272.051,127022.4912,127111.8995,127013.3539,127612.7364,127849.3637,127854.0711,127836.5053,127556.3747,127350.7038,127863.862,127796.0025,128080.1344,127372.0294,127152.2546,127491.0956,126909.2018,127225.1396,127465.0938,127477.9624,127795.5964,127979.9356,127889.6285,127151.6364,127395.2246,127612.4967,127742.2439,127761.7434,121878.6497,124139.6434,123649.7451,123099.9965,123121.8302,127729.0759,123370.9345,123853.4559,123830.9858,122998.2705,122627.9775,122657.837,123894.272,124223.4657,124494.9058,127366.2396,128038.3704,127374.1905,127580.8012,135411.7068,128841.9421,127047.3889,123099.9965
"47",124633.4286,124691.6789,124439.8233,124445.2222,124055.3727,123890.9207,124116.9545,124575.9599,124831.294,124807.9734,124789.7811,124484.3318,124314.8668,125000.6272,124806.6725,125149.0664,124735.8833,124504.107,124748.728,124120.9246,124198.4232,124519.3761,124640.1469,125009.4798,124998.4888,125199.4637,124491.2068,124523.8255,124936.8885,125182.585,125181.1802,126287.3065,126047.5499,125359.4768,126197.9098,126885.9995,125500.322,125375.0758,126325.6979,126662.1894,127716.7575,123093.1295,125708.7781,127252.9776,128612.8697,127595.2894,124742.0657,125580.4704,124782.0231,124633.6031,134908.8481,128938.2099,124587.9479,126197.9098
"48",125045.2857,124032.5959,123939.7659,123895.8824,123886.0499,123629.1003,123639.6825,124212.3199,124299.0269,124253.106,124241.1046,124033.6916,123965.702,124235.7593,124313.9304,124472.6251,124075.7778,123828.4481,124197.7982,123459.3415,123366.3147,124349.063,124278.726,124417.8952,124428.0072,124608.6715,124295.349,123741.4292,124184.7108,124247.1785,124289.3642,123849.2356,124840.3153,124954.3582,124731.9327,124379.1936,123010.7383,125733.6998,125322.5249,126074.5041,126030.7902,123040.3388,126415.9041,125716.3353,125494.0601,124375.0752,124091.2354,124644.1813,123867.3894,123670.2512,134240.5764,126648.5331,123489.7311,123849.2356
"49",126397,124866.7218,124898.1326,124745.4959,124895.0301,124931.136,124548.8482,124952.3086,124926.3815,124847.9989,124816.4404,124696.6438,124702.9018,125112.7225,125137.0866,125294.9511,124862.8872,124864.4337,124740.0679,124733.6504,124576.9252,124882.5113,124885.0047,124789.8217,124626.2285,124844.8547,124907.9404,124197.1163,124567.6587,124248.9938,124466.6804,123585.0058,124136.8871,124175.7212,124489.5617,124488.5185,124612.1138,124510.773,124800.6635,124416.6641,124402.18,121820.9071,124124.6506,124732.7036,124325.4114,123904.1682,124978.3859,125158.759,124411.9876,123969.3226,133722.8672,124289.8722,123811.6569,123811.6569
"50",129813.5714,126813.0959,127036.6108,126936.1491,127142.6676,127517.0251,126639.8308,127064.441,126890.465,126850.0763,126880.0319,126767.0739,126787.1382,126986.4879,127134.5582,127374.8971,126819.2788,127123.7704,126510.3595,127043.0615,126911.0101,127181.9298,127011.8634,126914.6473,126674.4227,126997.7558,126997.1283,126608.6286,126517.3713,126082.8764,126320.1582,125352.8987,126336.3255,126432.117,126754.5129,126961.146,126877.4432,127000.1288,127179.6954,126944.6624,127217.5455,124528.3734,126536.7309,127042.3985,126457.9912,126147.1707,126939.5686,126824.2508,126254.854,125996.7404,134043.7517,123827.747,125521.8302,125521.8302
"51",129196.7143,131450.9784,131733.8553,131659.5231,132057.9878,132739.8489,131652.4092,131984.8535,131742.5464,131699.0116,131679.2961,131597.4584,131733.9874,131729.0438,131918.7928,132220.6905,131395.2759,131988.4214,131519.6441,131909.2672,131851.3753,131987.3516,131643.6976,131499.2892,131565.9404,131809.083,131343.8609,131473.3078,131393.9109,130877.6647,131138.3461,129543.2141,131837.8945,132095.8462,132127.274,132597.9571,130241.5968,132918.9881,132944.3458,132696.0413,132610.6125,129169.6522,132460.2433,132615.4411,131784.6049,131245.1674,131501.6648,130991.3956,130672.6118,130647.9646,135582.2519,124250.775,129837.817,129837.817
"52",128986.5714,129621.8023,129646.7438,129757.2561,129183.8318,129305.315,129203.2082,129474.5716,129478.3883,129452.3791,129575.8053,129376.2339,129172.9806,129844.7724,129672.8862,130111.0083,129596.2374,129707.7364,129666.5957,129924.0465,130105.1858,129265.79,129152.8544,129438.6535,129398.3558,129412.4589,128831.3261,129487.3349,129264.2484,129240.3801,129171.3375,129382.8298,129650.4008,130070.1,129260.2748,128839.9262,129411.7685,130068.4308,129608.3899,129929.6468,130042.2762,129032.3591,130032.9051,129025.5892,129071.8848,128886.7646,129686.7637,129859.125,129527.9843,129632.8475,136564.4167,124554.7513,129496.4295,129496.4295
"53",129660.2857,129239.3885,129110.0352,129261.0483,129076.7576,129143.4614,128943.2114,129708.4036,129879.1628,129927.0579,129948.3253,129710.6484,129456.4435,129600.6338,129752.0498,129957.3991,129231.8869,128936.9473,128976.2394,128872.4323,129125.419,129904.8478,129487.7541,129900.2082,130114.9068,129866.6872,129172.2804,129573.5736,129354.4694,129268.8519,129290.0849,130379.4173,130020.2253,129841.8239,129300.0694,129686.1418,129540.9027,129782.0256,129987.559,130385.5334,129841.3684,127536.5042,129711.8989,129255.7738,129288.5011,129532.1534,129115.6757,129394.0063,129139.5703,129707.7569,137346.6083,124759.1128,129375.8901,129711.8989
"54",128132.4286,130020.4734,129810.5058,129696.809,129728.3525,129667.7411,129786.3036,130120.3529,130340.6695,130247.1064,130132.2528,129859.3149,129889.5113,130537.0429,130337.3567,130544.9847,130022.5092,129693.2188,129805.0757,129730.2136,129781.0831,129920.1214,130042.2977,130114.8073,130079.9415,130196.4685,129866.6134,129706.1444,130067.3402,129990.8187,130066.9194,128945.9053,129766.9858,130052.0281,129292.2208,129626.2903,129168.8604,129952.1205,130121.1975,129534.9176,129400.3954,127165.9065,129826.5628,130008.9932,129023.8066,128870.2797,130003.0028,130117.707,129688.6302,129448.0853,137362.4257,125396.5803,129637.4967,129637.4967
"55",128410.5714,127485.8258,127472.3792,127473.767,127107.9598,127022.2077,127000.6737,127340.0955,127383.3735,127354.3506,127432.0505,127184.9675,127108.6422,127513.8773,127437.6623,127717.7264,127580.91,127226.9626,127588.1859,127112.1686,127062.5492,127532.5438,127586.6617,127823.0032,127414.451,127818.6686,127777.5428,127327.6748,127447.0134,127539.7729,127425.2763,130044.2584,126785.2398,127151.6017,126686.0173,126501.2044,129638.023,126813.1103,126924.4135,126450.7099,126685.2386,126141.4563,126299.9278,126268.3473,126018.9424,125791.8686,127638.0225,128057.8138,127517.1675,127201.1636,136933.6459,126084.3883,127472.7722,127472.7722
"56",127894.7143,128310.4664,128310.0754,128280.5776,128412.5066,128138.9349,128109.027,128724.1055,128740.1734,128709.4374,128708.6165,128534.1289,128486.8974,128564.8889,128760.0898,128839.9226,128264.7168,128247.7872,128369.4269,127978.9827,127901.6153,128664.2755,128490.1918,128481.7728,128602.2543,128490.6867,128282.7767,127829.9396,127950.3885,127687.1191,128001.8517,129460.3001,127822.7231,127664.3454,127910.644,128472.2318,129214.127,127729.7789,128519.3821,128046.1257,127339.3118,124848.2446,127024.9006,127893.1749,127403.5205,127178.2102,128308.3208,128430.0046,127947.8295,127998.6876,136868.4178,126573.7105,127609.7239,127609.7239
"57",135426.1429,127546.4702,127488.262,127372.371,127244.2031,127287.746,127140.8721,127415.6176,127480.8557,127402.6534,127389.5476,127203.0834,127190.8437,127753.3535,127620.5491,127841.9362,127540.6241,127489.2933,126992.6785,127604.6671,127571.3336,127265.5224,127297.2834,127320.6759,127217.3625,127354.4895,127196.5232,127028.8995,127077.6274,126738.0987,126969.4533,124324.5537,126025.5197,126055.0701,126050.9332,126094.4706,127270.6876,126187.5022,126309.9445,126119.6807,126388.6836,124583.5403,125797.2184,126432.7929,125997.8358,125693.2929,127630.7872,127775.4411,127185.8669,126840.4437,136334.4202,126341.9289,126867.6459,125797.2184
"58",133233.8571,138449.7019,138979.5712,138767.9525,140249.053,141274.0988,139419.1714,139837.7981,139346.5947,139382.5492,139187.7261,139161.2324,139602.6911,139026.8133,139592.8163,139675.2585,138473.1008,139230.9799,138720.6794,138850.8951,138232.2695,140382.8667,139802.0661,139377.8652,139329.6512,139885.7708,139877.9566,139207.0321,139091.9713,138165.8557,138559.6716,135722.6393,139486.9049,139619.8776,140120.7317,141394.3138,137241.4645,141345.5671,141601.9961,140627.7855,140695.417,135450.4234,140325.4512,141039.347,139690.0306,139318.6233,138497.6338,137282.5796,137135.2896,137015.4178,138711.5636,127708.4957,135748.1112,135748.1112
"59",130854.5714,133419.1593,133474.8404,133582.1644,132382.2685,133081.3894,132614.1716,132460.1856,132422.3659,132297.7374,132529.7429,132319.7121,132065.7245,133539.7206,132835.4471,133519.715,133347.8723,133623.8388,133134.7973,134099.8738,134184.9724,131529.228,131924.5076,132124.6298,131809.9118,132088.5108,131768.0346,132577.7571,132216.9555,132204.0428,132233.1656,135718.6649,133261.3201,134333.974,133126.7509,131733.2551,133795.3417,133671.1426,132765.7556,132926.3062,133181.0685,134396.2788,133699.3406,131686.6524,131910.204,131783.1121,133672.4832,133964.0003,133567.3493,133194.2396,139597.3615,128849.7268,133510.0268,133699.3406
"60",132659.5714,130286.8896,130122.2587,130552.6781,130044.0981,130428.3667,129802.6829,131048.2164,131268.9466,131490.1467,131613.3441,131326.2512,130781.2521,130573.0495,130894.0799,131209.9156,130294.4964,130183.6376,130056.2568,130756.0482,130028.7431,131795.1677,130816.8095,131686.4192,132065.9928,131508.9091,130477.2664,131441.0373,130709.1912,130554.515,130392.1613,131759.9868,130064.5987,129445.8696,129123.7828,129437.6055,132754.7558,129270.8692,129769.8716,130937.3262,129778.5835,128795.9376,129163.8598,128617.2583,129471.007,130089.7097,130042.3365,130750.3673,130565.3207,131984.8309,140481.7214,128500.1331,131273.777,131273.777
"61",131612.2857,133235.0404,132931.3595,132443.3968,132859.2813,132779.4553,133134.3876,133398.4,133878.0007,133730.5059,133417.1165,132910.7203,133130.7086,134119.7564,133753.3794,133997.7082,133151.1081,133138.3462,132743.4158,132822.6489,132850.8423,132790.2202,133079.0066,132988.119,133348.7553,133268.6116,132760.6396,132503.9392,133613.3739,133355.4501,133488.2095,129702.2707,133738.9178,133451.9404,133323.5578,134199.8597,130009.831,133575.7275,134221.9381,133516.3358,132988.1517,128590.9422,133859.3028,134815.2841,133265.1994,133054.2446,133062.3793,133051.4955,132565.3519,132229.0893,139964.5825,128777.9784,132523.201,132523.201
"62",130041.4286,131000.0462,131165.5454,131058.8867,130769.1861,131160.0003,130526.9444,130648.9778,130564.7874,130514.507,130613.6522,130424.2721,130442.5021,130940.933,130805.0042,131067.8709,131251.8031,130860.8084,131133.8157,130724.4493,131062.8084,131292.7125,131471.8162,131659.7137,130510.7691,131602.0855,132230.2975,131145.6317,131336.1145,131632.0103,131024.403,132644.2838,130157.7773,131271.2161,130386.2285,129513.3434,133339.5534,130939.6899,130337.8642,129669.2021,131033.3405,131564.2077,130936.0617,129719.3825,129497.2152,129286.3926,131348.104,131615.9389,130983.3613,130075.913,139284.6584,129075.3848,130700.831,130936.0617
"63",128122.7143,129222.0214,129287.4579,129403.3186,129157.7032,128749.6526,128904.0192,129512.6739,129497.0336,129523.3702,129646.999,129363.708,129283.3161,129194.7701,129388.4631,129560.3312,129114.8118,129189.0903,129702.6678,128799.2973,128693.8288,129231.864,129064.0882,129162.4378,129317.9444,129056.4356,128950.0092,128054.1105,128219.5228,128011.696,128550.5848,136610.3502,129659.8484,129507.4498,129918.4867,130437.6435,132253.3526,128922.1699,130272.0664,129775.8838,128288.3905,126820.9402,128304.0243,128618.3655,128495.3843,128324.158,129258.7325,129639.2828,129131.5755,129371.7184,139047.0259,129186.6518,128935.1109,128935.1109
"64",112578.7143,127008.481,126740.2125,126677.5797,126427.9119,126193.0649,126501.4382,126867.4137,127078.6555,127029.5166,126978.521,126735.0635,126648.3126,127165.0833,127035.0936,127245.2141,126944.9024,126697.0379,126404.4476,127071.2604,127126.9701,126606.1987,126512.2966,126615.4302,126910.1608,126657.6778,126069.8128,126450.7226,126318.9554,125863.7433,126294.8829,118934.1616,123255.2351,123048.7819,122929.8115,123055.0419,126130.0217,122974.3206,123309.6171,123410.1482,123075.6636,122245.6541,122238.5319,123689.943,123117.6932,123223.7292,126961.979,127348.1116,126667.8981,126632.6167,137798.5192,127997.5967,126654.5576,122238.5319
"65",111911.2857,105360.2595,104533.4942,104943.7759,109063.0741,106168.9894,104294.5818,103262.3179,103847.9497,104200.0761,104221.035,102480.6213,103644.5482,103061.2376,101663.6683,103230.4396,105473.1797,104476.1658,104511.1344,103787.1313,103451.9303,103371.2718,103104.5302,104515.4398,104621.3768,104621.4656,104758.0922,103626.5876,104091.3932,104518.7192,104133.5114,114761.1609,106858.8409,105944.1977,106647.0462,104757.03,109194.7513,102966.8296,103135.657,105078.9305,104398.3287,108217.3663,105352.7095,103895.7185,104298.857,104059.7753,105480.5489,108035.4771,106848.7481,106644.313,131858.8216,122580.765,108765.7121,108765.7121
"66",111177.4286,108788.2162,108492.8926,108892.5573,117197.8594,112525.7202,108630.128,110256.4166,109814.1062,109476.3593,109382.7209,109773.6757,109465.7143,109452.0621,110242.4621,109270.4708,108801.9513,109187.2283,108431.3714,108305.6576,110674.0259,111069.5787,109688.6942,109312.2262,110808.756,110834.1332,110404.2285,109492.3647,110305.3957,110375.449,111544.2774,107105.0556,110699.8105,109934.4803,110679.2001,112111.2755,104906.1574,109388.7257,111148.6404,110826.6691,109606.2444,103078.036,112119.4477,112081.8645,112578.6103,110613.0834,108469.8475,108571.1747,107788.3359,107908.4877,127513.9271,114425.767,107757.3668,107757.3668
"67",108261.5714,108805.9529,108947.7623,108143.9697,114761.304,109603.1454,107424.4797,107268.6312,106942.0214,107022.6124,106661.894,107722.6032,107006.4632,109220.6664,108690.7942,108518.2905,108836.5262,109083.4805,107865.765,110655.6415,110786.6444,107398.1402,107894.4886,107324.8197,107105.6659,108151.3254,109090.8599,106871.1368,109846.048,108897.104,108172.9555,103234.9386,105646.3231,107687.7441,108167.7073,106999.408,106408.1133,107747.966,107571.6659,106440.5319,108264.5839,106810.1231,107167.2164,110445.4372,107066.9623,108291.8708,109335.1858,108660.6161,107535.6585,104676.7611,122649.6871,108563.5076,106409.5924,107700.71175
"68",104821.4286,105800.7235,106781.3736,106954.5294,107239.5681,107137.6071,105035.1425,105607.5885,105273.2869,105616.7138,106143.4367,104091.5414,104914.334,104617.5019,104526.9927,104971.8667,105914.2768,106757.8754,107031.4866,106382.7894,105718.4167,106757.4515,106593.7271,106937.1102,105131.6608,106358.2888,108843.556,104979.4897,105849.8839,107497.5215,105412.4379,112792.8987,105817.0529,106660.441,106263.8503,107632.09,111740.9815,106767.3131,106672.9787,107952.9472,106982.9065,110293.1236,105679.8367,105784.4233,104594.5931,107086.4212,106207.1066,105756.5617,105392.0165,105200.1327,121210.9381,105327.4657,104657.2725,106024.1368
"69",103181.8571,102727.1438,102521.4184,102551.3774,102185.7191,101775.2961,101985.261,102623.3921,102816.9453,102776.8424,102802.0774,102369.9638,102349.4805,102644.582,102667.7596,103034.6388,102298.0604,102961.6592,102772.3727,101294.4484,101328.1261,101399.699,101239.1683,101801.1525,102404.592,100713.7135,98431.90227,101724.6536,100924.0229,101247.8754,101529.2698,100554.132,102785.5215,102306.7106,100834.6325,104951.8273,98490.11614,101768.3805,103625.9086,103871.4885,102428.1827,99890.18596,101493.8237,104133.3116,101967.6232,100402.6122,102450.5281,102189.3355,102015.8777,102603.4091,119317.6625,100748.2732,102305.8509,101884.38785
"70",102284.5714,101515.9053,101409.5666,101263.9406,101341.761,101186.9354,100873.7522,101438.3402,101467.9548,101358.0833,101286.0019,101173.5356,101087.1606,101452.071,101509.9638,101763.4376,101647.7523,101326.7554,103635.1308,101438.5014,101289.5029,101687.1262,101295.7038,101249.5626,102934.1412,103555.3807,101875.2091,102792.4363,103645.2569,102322.9054,102427.5911,91864.15513,100912.0811,101348.6702,99199.17956,101071.1632,97387.34983,103347.8037,101995.2262,102532.4911,104845.3933,100136.6906,101848.1652,103766.0421,104595.8744,103143.4954,101432.5308,100924.8456,100829.232,100617.7615,117157.2395,95806.57025,101265.7841,101087.2041
"71",100231.1429,101023.5128,101167.0543,100999.1125,101200.6748,101193.7872,100345.1695,100792.38,100664.5906,100593.5279,100589.6531,100471.0661,100450.7103,100812.4363,100758.8906,101032.1886,101049.6349,101118.8209,100608.1486,101354.4911,101455.2479,100864.3864,100772.3989,100741.7389,100456.5473,100842.1263,101190.6515,100226.9792,100711.1023,100471.5571,100559.6454,112314.7507,106863.4917,107385.6468,102481.9319,106739.0594,99288.95385,105285.9357,104022.8918,103379.0578,103661.6107,101706.7978,106682.1986,101589.4344,102554.8322,102678.6615,101126.1563,100480.3569,100534.1419,99844.87862,115479.2712,93388.23469,100602.7806,101098.4934
"72",99852.28571,98770.45524,98900.94497,98874.53902,98672.72701,98597.16133,98044.58717,98526.75252,98473.24067,98442.26062,98548.28163,98182.90184,98247.70369,98460.9644,98433.19336,98789.84437,98731.19699,98919.95311,98574.76857,98808.66994,98822.08049,98404.17779,98236.95093,98466.20026,98242.50752,98205.79413,98335.42017,98007.29436,98107.23433,97931.8198,98049.64406,97683.88,95916.44098,96595.16374,97454.17607,93145.19524,95646.47774,96025.84676,96506.21606,95015.76745,96172.94378,93762.07923,95537.92688,96844.54739,96539.54852,95898.5456,98846.16404,98444.83023,98465.00167,98178.00301,114125.1748,91537.87435,98635.5254,98064.355115
"73",98179.57143,99121.2802,99180.72669,99111.65706,99249.40713,99083.36873,98514.79937,99181.97008,99134.13323,99071.04524,99083.27937,98960.05085,98853.28769,98994.88449,99162.69464,99544.35108,99064.69454,99253.60533,99288.77933,99233.01118,99441.7487,99087.0011,98749.41355,98887.38428,99218.66409,99091.97782,98482.15834,98921.89462,99112.02018,98523.71013,98869.29922,99327.24152,97777.40736,95559.87241,99580.71691,98929.26727,99048.1742,96254.57846,96243.07547,97939.72424,96859.76629,93675.17978,93126.31132,96718.31167,94892.36032,97758.49092,99075.52523,98509.56281,98580.60646,98530.56841,113281.0153,92702.79438,98514.13075,98967.77924
"74",98281.57143,97078.18549,97055.6983,96972.31371,96742.22172,96759.07063,96371.60186,96823.78256,96881.68832,96809.58858,96817.00775,96661.61682,96578.5543,97172.28232,97005.20635,97534.00689,97073.56806,97068.38556,97148.87364,97501.10415,97555.30073,96637.20386,96538.13797,96731.78782,96789.78607,96888.69081,96320.62788,96819.56552,97120.28212,96682.97127,96965.7633,97155.09328,97962.64582,98010.41389,97782.59961,97453.41689,95173.2038,97877.80257,97376.54221,97657.12134,98149.99848,95642.0264,98140.87012,97772.87399,96960.82578,96448.21792,97125.63852,96812.98914,96792.12664,96412.62303,112065.8045,93729.68425,96763.6083,97054.84971
"75",96761.28571,97850.19789,97975.02641,97922.30093,98107.39106,97948.308,97260.76869,97936.29248,97837.89192,97792.45686,97829.42123,97728.49646,97613.10985,97649.4719,97866.75531,98282.87366,97859.77311,97958.84901,97799.10133,98082.5509,97996.88806,98074.90168,97756.4279,97844.61521,97882.79271,98030.05287,97883.7601,97678.78507,97872.5603,97476.57103,97674.04798,98961.36685,98885.9509,99009.35429,99070.67733,98856.83617,96288.71058,98604.19255,98494.0265,98478.97724,98481.6295,95758.19302,98712.89727,98224.28364,97563.4578,97561.59971,97855.7372,97355.24792,97434.4583,97313.61644,111592.2005,92480.55776,97207.80883,97821.85827
"76",94141,95878.79722,95837.17048,95765.45781,95499.01053,95520.64719,95184.93283,95645.75166,95728.44383,95660.84642,95669.62338,95545.65878,95423.69352,96100.78253,95910.22299,96495.42476,95833.39214,95876.57385,95479.84622,96261.761,96143.17077,95271.68607,95257.34377,95473.28071,95456.48005,95458.57132,94858.59973,95363.84824,95753.25287,95405.39002,95766.53628,96443.82408,95593.77107,95803.80516,95754.96707,95306.76177,94085.27473,95131.53808,95094.19825,95051.38473,94970.83855,92948.31078,94949.30552,95272.81624,94311.16869,94294.21969,95928.0636,95724.21187,95667.03289,95304.93016,110653.8805,91854.7921,95619.14178,95573.439555
"77",92595.71429,92653.62198,92600.06273,92663.68894,92315.10323,91993.19221,91958.11856,92600.46175,92711.6479,92697.18467,92791.99446,92400.69971,92364.92597,92581.92446,92698.38823,93104.64145,92680.30047,92436.84727,92402.98603,92643.8176,92701.61825,92654.89694,92384.82843,92813.73614,92764.74207,92757.97163,92643.27402,92512.79054,92680.48708,92562.7629,92627.84909,93734.97193,92320.7801,92174.79954,92209.02616,91871.54127,91912.74339,91470.92724,91461.20427,92099.53807,91750.73326,90027.39326,91348.53334,91466.05946,91033.04394,91534.17578,92660.72142,92743.24054,92652.72122,92621.20502,109473.4654,91175.64899,92828.19296,92527.853625
"78",92132.14286,91316.9809,91169.60209,91090.37539,91056.17488,90833.22164,90705.27349,91322.87074,91447.01495,91356.88045,91297.47336,91189.72291,91019.6251,91408.20085,91469.64887,91972.71755,91280.56882,91064.88351,90689.80456,91313.56084,91222.54494,91037.86428,90941.74104,91134.45319,91308.46204,91216.32326,90771.0911,90752.01289,91222.64102,90964.40159,91357.08143,92119.14623,91860.0389,91632.00578,91749.5745,91803.50982,89535.31181,90887.1713,91326.85671,91233.67663,90814.06002,88222.2619,91343.13008,91538.85787,90459.16175,90562.44786,91282.65622,91223.30139,91059.59565,90794.09311,107947.634,90001.22118,91040.11043,91178.499065
"79",91851.42857,91256.26972,91319.97875,91168.13432,91325.57047,91336.92793,90647.37659,91113.26548,91054.41599,90962.28577,90915.77125,90927.38312,90806.95062,91146.55555,91081.513,91560.13626,91298.45474,91253.29632,90967.10899,91527.12562,91563.78136,91137.58756,91048.61844,91052.18307,90909.24546,91296.28597,91280.72353,90885.46806,91355.67412,91090.10394,91251.30607,89930.63168,90759.58437,91051.84278,91042.66604,90596.08863,89689.49533,90791.96469,90887.07197,90437.40887,90963.45603,88957.8511,91065.32817,91309.51916,90067.50731,90206.82454,91351.51909,91056.11671,90864.75716,90279.11163,106674.7814,88628.01009,90489.13022,91004.887515
"80",92822.71429,91280.40004,91459.48915,91372.62645,91456.58985,91559.23312,90651.89547,91115.57209,90996.71044,90949.41825,90990.41352,90925.77673,90843.56955,91055.36936,91025.98328,91530.34758,91264.06642,91507.75983,90997.87069,91736.15756,91652.29478,91019.02267,90891.21592,90974.74396,90750.80276,90954.68858,90988.59042,90739.77656,91058.92932,90788.78486,90977.73742,93100.33072,91704.68202,91799.28571,91995.42459,92096.24602,90623.20529,91474.13325,91650.26241,91565.5081,91507.70091,89546.91369,91451.16754,91549.0453,90659.62994,90885.86181,91385.1746,91029.18896,90917.61152,90513.72657,106018.8313,87894.89453,90416.91076,91013.529825
"81",90302.57143,93007.7162,93178.3547,93094.13535,93302.93496,93487.77641,92458.98211,92986.92743,92850.16283,92805.86836,92827.95962,92894.57823,92737.94684,92861.15812,92935.73173,93516.61682,92955.50979,93342.19007,93170.33387,93584.97365,93471.81699,92871.06126,92579.31123,92658.56608,92837.04109,92904.07383,92235.59903,92870.86991,93222.56866,92644.59818,92974.06411,90991.30977,92577.00601,92744.19424,92488.99761,92970.94735,90939.21847,92819.49903,93083.10865,93096.64935,92933.98477,90420.80141,92551.88435,93323.05766,92164.15838,92126.86526,93026.48129,92499.79994,92502.32488,92364.61182,106138.2302,87589.44313,91922.69773,92501.06241
"82",88782.57143,89288.96193,89214.73414,89255.37773,88688.02193,88602.68147,88595.99176,89094.46679,89240.06666,89234.95865,89327.13994,89106.94927,88964.0506,89685.75226,89560.32026,90086.79664,89268.38214,89222.3556,89285.64498,89622.42137,89689.99237,88803.95587,88684.21006,89163.09243,89160.09212,89090.24992,88319.06467,89278.13666,89671.47121,89428.37259,89621.87686,90202.77805,89582.95806,89533.5382,89139.85642,89032.59584,87913.14242,89347.96401,88916.77541,89809.29587,89762.70582,87957.13948,89595.01358,89280.56894,88910.09486,88599.12158,89326.1777,89428.62741,89340.66609,89202.78091,105471.9666,86930.88988,89420.14332,89283.10696
"83",90292.85714,87794.55871,87671.40876,87724.64813,87619.12055,87252.60852,87188.4751,87977.48056,88130.26065,88107.77414,88144.8073,87933.12367,87729.78717,87861.00265,88168.7916,88605.07547,87799.19125,87505.34425,87370.35331,87507.72055,87651.72798,87998.66267,87683.76558,88081.63474,88284.97866,88184.24185,87808.21213,87802.47253,88084.5266,87910.49877,88106.42441,88896.27662,88756.18386,88557.31597,88282.64408,88395.9751,86114.75226,87981.95264,88020.8758,88507.25816,87918.44502,85671.94412,88728.83244,88059.44802,87472.93454,87433.63604,87704.45943,87781.73158,87730.98999,87871.28643,104681.2961,85665.62372,87864.31344,87756.360785
"84",89691.14286,90432.92363,90422.62931,90183.59501,90621.91908,90727.08685,89956.33173,90425.72523,90396.89669,90264.50368,90101.58751,90386.71783,90139.7586,90601.08964,90471.29583,91216.6369,90426.23588,90450.71466,89939.51428,90522.98839,90354.92485,90246.36774,90272.02632,90067.56844,90138.55523,90455.68325,90052.53874,90013.68076,90726.19388,90213.22392,90628.91825,88771.35693,90398.55804,90631.44351,90732.96535,90674.5822,88006.41095,90433.68804,90647.49997,89748.63627,89911.84002,87508.0012,90573.7269,91181.59743,89702.88369,89596.17112,90452.55656,89984.1266,89875.19753,89288.64679,104107.6063,85106.99514,89339.69287,89961.82044
"85",87189.85714,89307.97276,89510.86062,89444.84225,89252.03544,89635.05329,88651.46388,88987.23069,88880.66725,88847.18383,88931.13357,88894.8796,88813.42255,89263.01083,89034.63465,89659.64892,89363.39976,89517.53891,89119.96,89613.39896,89697.30074,89037.27764,89029.24766,89118.78593,88574.80683,89140.66558,89227.22274,89105.55276,89436.86704,89344.53021,89375.26866,90875.31725,88750.00103,89264.71461,89142.52868,88731.88005,89035.92566,89062.14413,88819.25783,88665.02145,89085.3743,88178.60789,88983.20038,88776.83696,88224.38476,88371.96242,89507.43574,89321.2215,89186.22165,88606.35601,103792.4736,85605.71355,88689.73009,89131.24434
"86",87268.71429,86073.3706,86033.36313,86169.61569,85715.44399,85389.69998,85428.12098,86097.54606,86219.33838,86257.99489,86409.33733,86049.88508,85947.13006,86161.0793,86401.76599,86767.26046,86003.12313,85984.65049,85696.0997,86061.42154,86162.41206,85799.57782,85595.16187,86149.50742,86213.52173,85827.57027,85532.16078,85753.38537,85976.16242,85957.31532,86036.78807,88685.5842,86006.80892,85802.06743,85498.15622,86097.09457,85268.45316,85057.77079,85613.51719,86339.65594,85241.30334,83417.92716,85207.43946,85429.33468,84999.7169,85304.97374,86049.01352,86287.80455,86183.60249,86389.57628,103282.1525,85409.33512,86194.86124,85922.80356
"87",87151,86898.02188,86736.96755,86636.7682,86837.22355,86598.00059,86390.23315,87069.45261,87206.89773,87119.07398,87019.61832,87119.55444,86800.25616,87152.86154,87286.87703,87930.80089,86864.28542,86708.30936,86601.51907,86890.38046,86934.94283,86837.57541,86642.38934,86791.75144,87190.84752,87129.94536,86287.82389,86827.78044,87389.62824,86803.10366,87308.41859,82803.01621,86187.16902,85933.3944,85635.50781,86336.64847,84055.4656,85916.32032,86471.28654,86498.98979,86228.94987,83312.41467,86084.3499,87178.3462,86050.44096,86048.61255,86794.40381,86660.05377,86523.00787,86430.71758,102585.1218,84432.32701,86290.95552,86562.26347
"88",86657.85714,86754.8693,86809.86699,86651.61029,86674.08087,86871.10548,86195.46308,86543.97835,86520.58789,86428.35159,86373.62479,86513.23142,86348.22937,86875.99332,86624.92779,87273.21441,86823.81507,86760.90012,86459.32749,86895.21149,86980.43577,86570.94612,86613.38645,86590.61401,86258.82267,86853.31398,86698.85297,86596.58869,87134.62107,86961.80839,87127.41585,87649.42876,87730.58135,87975.75794,87862.7694,87648.93675,85948.00225,88216.39633,87719.03506,87466.24161,88252.47683,86529.98546,88957.61425,88104.44789,87339.20577,86909.94671,86890.07923,86696.51786,86506.93441,85803.10474,101830.4619,83771.53007,86042.17893,86838.476815
"89",86690.14286,86247.43034,86409.10055,86414.69985,86343.23819,86321.14526,85654.71846,86157.46737,86072.98292,86063.58937,86165.84121,86065.39053,85960.84698,86028.01792,86138.41658,86588.51709,86240.1084,86398.2231,86096.37577,86329.27097,86230.83375,86111.81603,85992.38652,86152.13432,85929.52279,86062.77784,86215.84786,85819.3322,86120.76792,86072.66137,86111.74588,88828.45871,86639.1477,87060.89558,86622.84657,86750.66934,85482.64225,86520.76968,86724.1353,86558.40297,86224.02839,84959.72857,87104.9643,86233.49198,85592.70819,85577.54972,86332.93609,86214.10954,86120.51061,85919.66756,101646.8142,83116.79481,85691.65545,86183.12193
"90",85310.71429,86585.11584,86576.19235,86526.07577,86545.27476,86438.79223,86058.27878,86606.38774,86643.52288,86596.81079,86597.79415,86663.83161,86435.29879,86737.98848,86796.5493,87340.33747,86513.90809,86667.67032,86301.8143,86831.4472,86814.35178,86286.79254,86122.73181,86306.45786,86522.7752,86388.16093,85647.30882,86360.37887,86808.11245,86371.73458,86742.02886,84420.08154,85288.05766,85252.58221,85030.48997,85684.25479,84336.88541,84972.92125,85566.25585,85683.16793,85070.76619,82907.52336,84525.72024,86055.43288,85046.19654,85358.16464,86559.21634,86389.14467,86296.08464,86210.6248,101527.9608,82852.46116,85914.41271,86175.75876
"91",84382,84632.02288,84572.9642,84556.83698,84285.00306,84194.89679,84073.38291,84564.60374,84670.26576,84635.18636,84663.13586,84611.8671,84429.06019,84928.27561,84892.65724,85403.22912,84657.02985,84517.75623,84524.49058,84710.41154,84763.64883,84478.81573,84362.60274,84661.5558,84613.80291,84787.12779,84244.32094,84720.00611,85179.93803,84957.81357,85186.73099,84434.64459,84727.37746,84612.34024,84313.42831,84552.0078,83466.73695,84755.72988,84556.972,85081.38031,85269.29935,83379.36941,85105.10477,85108.90404,84676.36913,84516.34727,84668.37394,84745.69764,84596.57434,84356.16062,100946.0524,82796.22022,84442.71491,84629.06507
"92",82909,83707.12558,83664.10729,83657.03121,83587.81339,83355.49761,83175.94144,83762.91039,83837.12689,83798.06573,83819.67071,83759.72492,83569.11686,83767.51521,83922.338,84376.40896,83710.23663,83557.97858,83395.94876,83509.67571,83522.62538,83694.7617,83577.03871,83801.9516,83833.77938,83891.18883,83670.37102,83497.08542,83921.81694,83879.17084,84024.70307,85579.48286,84860.41019,84914.09675,84480.69119,84775.60871,82565.37408,84625.59966,84629.72453,84706.60478,84444.76586,82599.32759,85583.22395,84631.11979,83922.7879,83558.2379,83702.91012,83748.87966,83625.94358,83483.35673,100334.3439,81831.08754,83446.05904,83775.41563
"93",82299.85714,81944.70801,81847.98059,81784.17994,81607.41842,81519.26076,81444.34888,81895.25448,82010.93363,81944.83192,81913.71852,81897.92013,81724.36627,82172.85608,82124.01273,82653.71538,81937.25999,81764.31744,81495.60472,81919.01936,81841.22942,81642.53104,81657.34759,81869.13143,81832.8238,81941.91243,81541.3783,81624.16912,82182.14976,82099.70306,82344.07681,81503.66107,81238.82056,81478.48933,81104.8278,80988.97468,80090.25109,80916.28859,81247.10432,80981.89448,80812.25623,79488.38533,81402.1857,81551.41186,80602.37831,80661.8408,81983.09529,82088.30298,81862.11073,81470.99271,99252.16756,80454.39316,81703.80476,81527.536465
"94",81897.28571,81579.46047,81620.62451,81562.03446,81604.47224,81483.84312,81075.39367,81553.46283,81543.76699,81484.50165,81488.00818,81477.20718,81333.98826,81445.6582,81518.97542,81950.33981,81603.29669,81532.67288,81171.54857,81593.6385,81487.95148,81543.05728,81423.99228,81548.14174,81455.84153,81647.81932,81652.34065,81307.64573,81689.90617,81599.37705,81708.25904,81899.23907,81264.91506,81199.83764,81308.92807,81532.86236,80658.74801,80959.06769,81264.70826,81218.20148,81063.90199,79542.38118,80976.53708,81461.37691,80825.33623,81318.59961,81629.88737,81570.84211,81382.73404,81057.37771,98436.68015,79807.71534,81013.28206,81422.055475
"95",73925.57143,81368.75229,81411.37273,81317.19154,81326.70822,81335.54275,80872.89317,81270.25676,81262.73191,81196.07221,81177.34124,81259.97449,81093.07624,81368.96981,81302.28136,81814.65257,81341.05096,81435.85037,80911.88255,81629.76647,81462.31967,81026.0675,80982.54706,81085.56431,81014.46403,81109.30214,80842.6393,80986.40241,81404.61121,81146.01257,81432.93759,81423.16883,81441.78225,81561.35037,81318.11848,81657.87826,79995.22188,81428.6254,81708.45943,81536.38628,81535.3239,79800.44655,81865.89103,81939.75478,81024.85503,80981.08088,81428.67862,81285.47691,81109.54818,80703.78366,97743.91377,79205.36584,80631.18581,81197.512545
"96",74323,70269.0826,69930.71519,70149.90819,69103.42147,68371.51438,70113.83042,70220.457,70670.40762,70763.41905,70836.65132,69752.51886,70374.07393,70789.02132,70684.56462,70853.71046,70279.27353,69593.11491,69551.84746,69635.77009,69621.77182,69777.84528,69760.60073,70835.34228,70515.7371,70207.41632,70197.29619,70161.42512,70545.99296,70933.34319,70737.5241,73542.57888,69815.68131,69756.35333,69040.3471,68132.54851,69570.65047,68580.66295,68640.73166,69728.8683,69202.49764,69408.87982,70164.78505,68729.8117,68064.92275,68262.388,70341.66194,71446.1321,71023.90724,70837.07078,94891.3937,76182.44949,71868.58234,69596.211145
"97",70145.57143,73105.69581,72981.60779,72880.01673,73742.74316,74135.65547,72777.02294,73583.09247,73479.04354,73293.20727,73205.61367,73312.54199,72947.68757,72582.78634,73132.43364,73459.62649,73094.28866,72950.82909,72529.45189,72696.97959,72436.20122,73456.27452,73109.36457,73116.08573,73662.29277,73506.37189,73695.23094,72858.62576,72889.66662,72625.17001,72948.86171,71427.89642,73899.92042,73093.28111,73749.98329,74525.06902,71106.91319,72270.49949,73663.83084,73178.30456,72112.822,69808.09405,72906.52291,73387.9527,72375.84425,73238.97852,72896.36145,72696.38451,72520.69416,72586.13292,93077.58935,72755.52065,72304.37833,72525.073025
"98",67528.28571,67453.63673,67291.3632,66994.99677,66416.85504,66869.18747,67289.82609,67082.46972,67249.84807,67155.78403,66885.26278,67020.39274,67162.30801,67725.41521,67046.46824,67556.81318,67479.88375,67207.63033,66631.9392,67787.43552,67779.19247,66552.92479,66869.29894,67016.46993,66517.96304,66874.36072,66309.70667,66924.70711,67740.34934,67875.98141,67907.37523,67135.40943,66744.82964,67630.94978,67442.62073,65724.59009,66002.518,67279.67606,67023.16052,66120.20966,67490.85859,67974.88866,69250.42495,67796.60917,66394.21934,65829.36713,67741.88704,67936.18728,67381.1342,65760.80248,89528.18741,69447.9783,67266.41994,67258.271815
"99",64215.57143,65256.79989,65601.77856,65737.62886,65959.2676,65661.71937,65057.18705,65237.38924,65173.71707,65164.84288,65366.06042,64113.91054,64899.0847,64107.45932,64221.73914,63637.13221,65339.00443,65333.69116,65280.35191,65154.14032,64993.81501,65478.69476,65169.71357,65658.81093,65033.77345,64946.4619,67238.80263,64700.7981,64574.8098,65237.18146,64310.77525,69441.99538,65662.71321,65490.96777,65764.93541,65830.93881,66291.88985,64484.43254,65094.14358,65532.99126,64725.02835,65705.24966,65443.45963,64341.90852,64085.78032,65587.19769,65350.38779,65313.96624,65179.58643,65158.27124,87763.21115,66005.43042,64964.61977,65297.159075
"100",63818.28571,61901.03619,61640.20444,61488.90211,61211.22334,61174.05805,62097.48706,62102.41326,62220.90014,62129.99935,61956.16917,61915.86116,61986.95731,62098.04571,62042.66647,62470.70922,61685.59873,61765.79694,61149.47607,61320.93006,60990.62456,60883.63957,61014.33932,61511.15617,61470.81513,60490.65249,59682.34432,61628.42844,61013.8873,60569.62467,61407.14709,60442.38139,61227.11353,61047.95696,60723.53219,62047.83063,59059.83209,60156.40573,61614.39143,61279.66013,60615.04134,60295.05979,61089.49045,61785.26056,60248.29453,60228.61085,61843.69621,61818.91752,61564.50428,61036.08506,84948.97012,62365.64878,61598.2457,61070.050315
"101",63241.28571,62525.30764,62744.28141,62615.48159,63170.38342,62846.9594,62301.25206,62434.56232,62292.43848,62244.04769,62219.91394,62055.71914,62117.8436,61856.97076,61783.07475,61705.99827,62658.47977,62639.22005,63714.7821,62883.39079,62260.93271,62432.47032,62282.61933,62261.59039,62694.94336,62943.80535,63561.66518,63260.45875,63100.3027,62988.75143,62899.85187,57977.60904,61819.65421,62256.79116,61482.38823,61703.23877,61763.8785,62546.24652,62490.57577,62827.93889,63703.55268,63769.25603,62556.58023,63701.04803,62833.34503,63100.94975,62594.53205,62045.30412,62020.6597,61513.53361,83265.02693,59066.6969,61632.59519,62153.118415
"102",68308.28571,62356.00542,62524.36462,62363.78898,62510.07285,62680.94345,62137.1447,62172.85855,62128.26942,62092.5269,62029.50932,62157.40483,62103.10658,62139.53355,61860.17268,62071.85542,62264.36024,62698.13447,62104.74581,62553.14629,62522.27848,61725.87994,61693.8262,61962.30823,61689.42232,61527.4731,61469.87237,62122.6588,61991.83449,61619.24561,62116.83143,68174.7385,65200.55021,65760.24024,66271.93621,66469.13928,62616.62904,64993.58579,64037.44089,63850.48962,63959.44622,64572.79687,66111.07611,63596.59727,64201.37061,62255.46235,62452.3766,61857.04059,61952.24307,61257.45491,82038.82076,57092.78499,61455.48024,62569.45376
"103",59592.42857,70092.30426,70614.41297,70442.1684,71658.05902,72426.23866,69442.01017,69554.41265,69172.32609,69205.62013,69148.6767,69637.00566,69322.20343,68909.46872,68798.28939,69371.35914,70074.19449,70980.154,71427.56694,71114.92282,71100.30127,69680.02235,69262.55816,69124.9907,69857.7829,70270.70526,69367.34938,70406.05469,70954.45393,69759.30967,70430.81663,63514.03813,68282.6845,69383.11302,69793.28125,69110.89182,66513.75206,69070.93557,70015.35471,69425.08489,70023.27528,68380.47978,68101.72464,71060.83494,70891.85877,70427.19003,70102.66435,68648.47038,69102.39269,68910.16566,83416.42005,56834.38906,67813.07393,69459.135975
"104",59282.28571,56566.37349,56242.6972,56506.67517,54446.56016,54476.18146,56989.56507,57047.61652,57445.62679,57642.33997,57722.79744,57125.32779,57554.28199,58698.70922,58677.63162,58164.74461,56492.16694,56225.30303,56455.09743,56580.217,56907.98666,56100.78285,56302.71966,57367.87172,57085.86472,56494.92862,55802.27978,57539.88133,58060.80325,57984.75571,57900.58971,64261.3597,57326.85913,56583.50375,57430.54321,55669.36164,55664.46712,56981.34274,53820.83154,57917.06997,56386.12299,57971.29366,57239.33261,54664.04394,56124.03568,56094.62369,56700.51291,57585.50583,57610.83194,57325.36639,81615.28447,56900.67081,58646.63151,57137.92919
"105",61038.28571,58280.60887,58077.99509,58281.93923,58853.16003,60273.00947,58120.72888,58854.85064,58981.25351,58851.49646,58931.81275,58686.62241,58416.13067,57906.93971,58659.17536,58896.79485,58305.90496,58833.19642,58113.87617,58515.15914,57793.62213,58913.59848,58384.33829,58777.15337,59148.07338,59047.05719,59474.93383,58673.5931,58157.93845,57846.27863,57778.17263,56943.87324,59312.74082,58119.70986,59731.05716,59096.68291,55923.55497,56491.38793,57478.49564,58153.87848,56080.69842,55624.82599,57321.91253,57051.03082,56627.14407,57439.13071,57864.0007,57802.64437,58159.01983,59214.54132,80966.27619,55413.73824,58573.6187,57798.13325
"106",58128.71429,61026.85671,60775.41994,60180.66903,64461.65683,61389.84601,61076.65569,61006.90185,60954.80747,60825.28369,60401.59437,61309.30467,60851.44759,61594.86558,60866.43387,62488.80862,60987.51874,60918.70942,60259.71117,61533.29266,61648.83651,60425.46345,60905.83413,60359.00654,60333.27322,60880.17964,59403.51057,60955.81017,61878.05585,60793.76019,61531.42824,58097.55822,61022.71109,61579.31944,62173.90653,61271.90641,58823.66127,61472.34953,61261.34709,59142.05282,60408.12957,60562.07648,62280.14888,62617.88422,60891.88142,60517.96566,61150.64071,60459.3164,60333.71152,58523.72732,79011.00797,54834.8173,59602.24401,60409.16147
"107",57477.42857,56552.42883,57086.39871,57232.56689,56848.23525,57044.69033,56280.19338,56163.69446,56247.48305,56393.16155,56577.13898,55655.51065,56233.67091,56075.09623,55815.09725,55569.29011,56792.34109,56820.54292,56867.52345,57102.43373,57391.29406,56863.10546,56794.25391,57117.02653,56258.35493,56915.87787,58350.83517,56546.22232,57109.677,57727.86041,56672.5339,62258.94119,55722.6061,56708.50944,56712.28512,54923.30224,58106.11022,55967.76926,55371.23799,55993.31896,56498.11396,58552.25206,57217.99017,55010.70813,56027.88712,56486.69493,56946.74907,56976.13527,56993.82865,56344.15787,78266.57479,55107.93976,56550.96547,56984.98196
"108",57473.42857,56892.18763,56806.28965,56875.8516,56948.02446,56708.57636,56928.13144,57155.60364,57221.56541,57192.08374,57223.25038,57189.44944,57069.02665,56866.59706,57208.74909,57254.41458,56594.90883,56999.14527,56554.05098,56151.38926,56888.54061,56300.7907,56250.98105,56785.28248,56701.07235,55914.07033,55755.55631,56160.57458,55823.30716,55546.18971,55937.57559,59784.92029,57248.56362,56214.97992,56762.84577,58822.54779,54856.97265,54992.591,56624.24214,56756.65254,54781.32116,53439.46535,54922.05502,55745.83047,55557.64949,57140.69799,56675.6623,56506.08317,56666.90722,57102.95591,77948.69015,54823.40053,56320.73339,56610.4791
"109",55599,57117.46341,56985.88711,56782.79481,56869.32689,57015.1364,57231.92024,57270.76938,57297.43526,57235.05851,57106.12794,57500.22584,57245.25299,57403.64511,57279.4366,57738.79685,57171.06251,57036.67039,58096.58676,57774.77467,57833.09636,56702.45372,56808.84326,56689.02731,57272.3683,57484.57093,56734.39599,57652.5264,58043.28478,57206.41743,58030.01334,45714.82699,54001.82272,54127.09508,53536.91048,53240.17295,53794.99024,55000.25729,55580.74541,55574.91303,56337.2807,55897.81307,54412.07109,56069.64816,55177.3531,55591.96822,57114.93161,56795.3809,56774.37766,56174.95276,76980.78075,53786.60621,56355.08288,56379.337735
"110",54400.57143,54513.27915,54631.80291,54659.31505,54360.28102,54303.59894,54591.64307,54561.32968,54618.33622,54621.82029,54654.49321,54482.44008,54639.57485,54515.18399,54504.88002,54336.00668,54599.5386,54472.37557,54339.98586,54486.98191,54613.23252,54734.06363,54701.40458,54874.92897,54607.64213,54826.68743,55168.26256,54614.45744,54761.94896,55041.21052,54770.09638,63933.68965,59257.06204,58939.36422,59386.80382,59135.64184,58379.44553,59361.8198,57233.56891,58270.36437,58013.27515,59299.74841,60331.93632,57023.48145,57273.00679,56119.25546,54645.79387,54643.73107,54728.72721,54245.68648,76146.92237,52761.93523,54491.08687,55949.20521
"111",53609.14286,53523.00419,53463.11029,53469.83029,53406.4764,53139.5272,53718.31003,53765.84632,53815.87863,53783.23898,53778.94051,53751.6361,53738.36407,53605.4974,53760.42183,53765.00686,53432.96513,53443.44566,53212.59718,53394.59989,53497.56672,53431.03538,53424.04551,53659.45828,53601.49867,53370.01885,53356.60918,53360.7126,53230.0516,53176.84017,53295.20115,52636.25267,52851.77458,53600.07591,52577.71479,52168.36535,50713.86726,51846.1704,53001.024,52062.68746,52126.93727,51336.00194,53298.12434,52844.52781,52106.56992,51542.90748,53468.93762,53425.95728,53503.10161,53380.49619,75341.4014,50428.09124,53332.73675,53028.562495
"112",53842.71429,52838.42351,52776.11883,52669.40328,52663.08481,52646.78417,53047.20265,53036.0525,53056.17472,53016.38141,52952.19662,53111.80143,53022.05638,52974.601,52973.89215,53116.93781,52851.07304,52742.94856,52804.1525,53107.79296,53061.42529,52758.62141,52786.18118,52806.98912,52879.97375,52897.02615,52724.02021,53066.07588,52982.12957,52746.8064,53029.28669,50277.72911,50838.51273,50228.32941,51272.29061,51096.60004,50534.53386,50423.71635,50485.01224,51152.74624,50633.17756,51012.74053,49491.8145,51409.56176,51029.21305,53061.24416,52859.44042,52725.95319,52710.63591,52209.10643,74276.13332,49589.98102,52419.87827,52060.098835
"113",52675,53533.13253,53674.83487,53588.08442,53786.00607,53849.06331,53470.10019,53463.86422,53432.0386,53411.30548,53393.70798,53527.4683,53431.84294,53322.00261,53261.22363,53277.83656,53560.34147,53664.13696,53391.69918,53753.32513,53739.6818,53456.02108,53428.43619,53428.22408,53353.60181,53445.77397,53594.86043,53462.30079,53363.38844,53287.70109,53380.80944,55629.15602,55054.54062,55005.11276,55177.84208,55347.535,54749.40602,55252.50989,54889.2336,54877.78452,54966.96243,55380.48793,55565.21817,54850.40731,54768.37615,54437.8133,53607.97893,53287.26777,53368.20574,52877.73431,73807.64891,50298.37884,52721.33813,54244.54391
"114",52432,52021.65731,52059.15723,52039.78355,51822.69928,51815.12477,52178.8557,52145.78126,52193.33071,52184.72192,52179.27852,52237.76865,52236.61493,52179.97436,52186.74462,52104.44085,51979.28741,52104.83321,51737.05444,52347.40506,52257.83498,51922.56924,51916.93229,52085.71142,51961.05112,51871.98811,51841.11098,52116.77957,52017.23191,51868.40234,52023.82528,52270.03147,51923.32074,52335.82479,51751.26152,51580.33751,51143.75212,51909.3679,52116.8729,52013.86308,52240.34598,52055.06868,52418.80885,52157.22106,51807.86285,51398.00156,52076.10617,51987.20859,52047.85371,51680.33826,73257.66038,49071.01983,51658.4129,52017.53115
"115",51733,52093.51074,52114.28422,52105.39805,52147.73144,51963.5123,52185.59984,52198.20683,52210.99398,52186.75989,52192.05241,52271.34643,52194.31349,52061.61854,52161.05345,52127.09881,52081.51253,52112.80585,52129.01776,52249.67352,52278.27359,52025.54419,51973.71102,52040.388,52094.51928,52025.87287,52101.68159,52143.18987,52085.50062,51895.03342,51975.15102,51094.67477,51638.60103,51433.39411,51547.48129,51812.5433,50894.92863,51328.65868,51416.33148,51840.84707,51395.17647,51547.50893,50940.20683,51585.31075,51552.83999,52089.81978,52062.58869,51889.94261,52012.00708,51882.78849,72978.6126,48293.0677,51632.61669,51737.62668
"116",50711.28571,51251.2031,51198.03042,51126.89644,51025.1768,51021.61385,51474.93444,51451.45624,51487.66304,51464.99493,51425.57801,51602.40759,51505.66216,51475.74442,51496.21099,51544.96619,51238.57998,51200.53225,50984.87684,51413.42882,51358.77126,51244.68762,51277.82718,51305.20137,51301.53737,51317.92136,51107.94845,51395.39435,51366.41005,51201.21621,51394.78103,51654.56982,51881.69025,51877.14956,51743.15372,51736.28411,51172.74467,52020.99314,51707.51684,51841.92409,51811.15383,52086.55243,52203.13611,51786.94187,51678.82448,51278.23685,51272.63465,51175.1887,51237.14044,50795.87027,72368.93703,48092.85889,50885.14648,51331.986315
"117",49396,50036.96268,50055.21913,50054.93759,49933.32619,49802.59101,50250.42275,50204.903,50243.72475,50228.37222,50228.5153,50229.36307,50249.36707,50132.09534,50198.87146,50095.4455,50063.9924,49969.92714,49776.07463,50019.08466,50004.63308,50179.37479,50168.47223,50243.92431,50185.9544,50227.62937,50319.91305,50158.07359,50116.08998,50164.93636,50110.13179,50828.14185,50183.11672,50380.56403,50111.04143,49884.48666,49771.49844,50072.78528,50021.84878,50095.86894,50092.52483,50442.95729,50477.30591,50032.86033,49975.9681,49725.94304,50073.80074,50059.32479,50127.36445,49810.16226,71795.49515,47269.37602,49832.68354,50046.09256
"118",48566.85714,48551.36816,48477.98987,48453.96028,48305.77853,48169.40789,48916.5752,48852.80085,48899.18859,48878.71576,48852.37618,48877.46102,48890.74048,48790.04318,48877.31301,48843.10311,48521.93915,48423.77562,48179.48281,48561.2264,48510.80534,48668.38594,48690.01142,48803.67404,48746.04159,48699.16484,48605.46031,48683.75668,48569.44827,48545.44133,48605.81294,49480.66847,48456.95897,48404.71465,48390.10736,48434.65787,47845.4297,48135.80479,48234.0136,48287.77086,47955.79861,48181.11329,48232.82563,48034.07868,48077.36472,48325.83852,48555.38947,48602.77815,48620.87119,48280.97322,70940.40232,46487.02329,48382.48051,48450.45635
"119",46846,47816.58923,47797.85065,47743.89598,47729.21847,47628.30946,48114.34536,48034.85417,48050.23534,48025.19119,47997.52584,48036.20766,48037.76105,47914.21818,47954.56225,47914.47187,47831.71938,47723.68989,47534.18995,47879.0238,47807.77931,47914.13558,47923.46022,47960.55579,47946.17667,47950.76051,47980.63874,47959.67021,47793.74709,47771.06146,47827.65655,46930.78376,47307.16652,47323.56448,47256.59136,47243.62896,47218.04688,47263.42737,47471.95423,47425.85187,47305.12841,47646.31733,47248.00654,47283.06074,47259.69325,47455.88867,47841.69311,47800.35196,47801.84762,47389.51876,70071.66142,45773.53069,47444.09853,47408.625345
"120",45890.57143,45739.02222,45707.33077,45674.82932,45467.56594,45397.83393,46197.57503,46061.28169,46110.48689,46099.33577,46066.3692,46003.6023,46131.83221,45982.62958,46023.35155,45888.08295,45737.18816,45631.48531,45318.43191,45856.55276,45791.94983,45932.73535,45942.98232,46072.24365,45963.32822,45921.70604,45938.91769,45974.33697,45765.09035,45797.71147,45829.40238,47181.79879,46096.8763,46071.14986,46022.55235,45953.58261,46148.75387,46125.18796,46065.92979,46113.57052,45954.89635,46434.03517,46434.89561,45766.46799,45790.47099,45699.92707,45794.64406,45868.52735,45836.18102,45357.22601,68941.95861,44689.44538,45566.628,45852.354185
"121",45366.42857,45005.27735,45014.28854,44979.53272,44984.54865,44833.37944,45364.9835,45235.51071,45247.38504,45224.0635,45208.50472,45138.3607,45225.10758,45077.45056,45111.84242,44977.52114,45000.05662,44950.0839,44703.75326,45048.21989,45046.77189,45083.2126,45085.154,45172.31347,45114.12708,45023.73354,45217.6047,45140.94906,44819.60377,44788.21424,44844.08303,44644.86763,44877.82169,44915.19011,44773.15188,44791.30457,44804.1793,44656.87446,45026.66445,44860.90207,44798.7066,45022.55767,44858.99833,44727.79738,44598.90533,44576.4987,45018.14947,44963.08518,44974.68172,44628.1468,67993.98207,43175.45221,44619.61836,44788.66559
"122",45160.85714,44715.28158,44734.32912,44637.59864,44669.5105,44683.77737,45015.42147,44900.52079,44900.37854,44889.33484,44852.78098,44921.48933,44915.42858,44804.41715,44790.50875,44725.51918,44699.4677,44745.05382,44502.25289,44969.59546,44972.90864,44714.2475,44729.16563,44762.37663,44739.77064,44655.53299,44698.08455,44877.22949,44519.87231,44366.31095,44598.99656,44310.53588,44741.68547,44730.62123,44810.87225,44808.02067,44774.61552,44728.80792,44843.93122,44776.32581,44748.20862,45090.37326,44772.91271,44724.34071,44679.75173,44698.19987,44756.25033,44584.95032,44603.68095,44081.29399,67111.70468,41921.49126,44128.10206,44702.04622
"123",44407.42857,44746.10092,44857.40652,44800.00071,44858.25643,44881.53053,44900.17032,44789.87632,44804.51035,44800.74131,44788.54631,44820.25603,44816.04888,44729.241,44696.50741,44564.09677,44751.89487,44878.20365,44775.20264,45087.18735,45043.24733,44688.52775,44693.45584,44717.88021,44705.72562,44646.08672,44857.72106,44834.0731,44549.83576,44440.49719,44582.96478,44720.57514,44976.99548,45100.83672,45038.78972,44988.33231,45096.77782,45012.86757,45046.76693,45060.15818,45175.82772,45472.35093,45072.55148,45156.60286,45073.45344,44841.94237,44802.27197,44563.23266,44657.49486,44232.03711,66639.51384,41072.28656,44103.48348,44906.99618
"124",44017.14286,43908.47249,43938.96816,43916.5899,43804.75462,43755.42432,44221.75765,44097.87159,44130.97656,44124.74255,44111.5787,44141.66296,44165.94952,44065.05776,44089.88663,43954.16631,43874.80714,43980.3567,43793.85296,44198.82481,44159.35062,43915.9125,43930.90531,43990.37147,43936.51527,43835.30541,43968.70824,44054.48004,43803.24048,43655.39874,43773.65755,44470.25447,44206.243,44246.34888,44125.43481,44169.34486,43913.88116,44102.94466,44017.66714,44199.87374,44158.16453,44318.03594,44098.52817,44144.81094,44069.86265,43938.25449,43928.83503,43796.87997,43917.46129,43597.93429,66200.69321,40271.16619,43515.20351,44030.11706
"125",42019.71429,43649.83772,43653.96101,43628.74966,43616.33922,43503.17392,43952.25134,43830.81268,43845.54796,43830.16862,43820.34188,43871.54489,43858.93129,43761.39524,43799.88893,43706.74578,43641.89026,43654.60569,43635.80582,43816.89144,43818.63001,43658.80195,43686.72098,43667.82258,43691.95927,43637.78595,43783.10079,43744.11156,43564.08408,43442.12801,43503.25706,42992.45851,43626.30744,43624.62884,43516.74472,43522.26122,43306.62147,43464.67091,43465.03139,43637.66715,43544.14206,43766.22992,43346.33511,43591.27013,43507.37775,43492.48301,43638.90432,43491.03869,43638.04566,43378.52247,65843.90972,39656.09833,43264.85262,43554.007425
"126",40797.85714,40982.46171,40883.80153,40884.69802,40556.57115,40448.58134,41662.13634,41482.18461,41532.80212,41533.68087,41499.59782,41436.66181,41587.207,41437.48881,41534.78575,41388.83923,40981.16972,40803.76753,40612.54032,41019.82465,41014.55909,41349.33639,41386.67327,41440.90337,41386.565,41354.01836,41329.57396,41393.95315,41201.83999,41206.3949,41188.76199,42385.23713,41356.84439,41342.65913,41223.76269,40915.29597,41269.74529,41333.18701,40988.65102,41283.98911,41077.08513,41598.7844,41620.13064,41006.16375,40933.06223,40757.14553,41005.64229,41138.60739,41201.76701,40809.47857,64893.63991,38902.90114,41105.06175,41170.1872
"127",40083.42857,39842.1153,39786.06378,39777.37894,39737.0343,39503.81707,40425.98463,40219.64319,40225.65183,40202.67156,40190.07318,40063.18337,40213.42052,40084.97655,40135.76842,39995.22207,39854.03996,39653.32807,39491.05994,39719.18886,39699.246,40135.25794,40159.98971,40195.03698,40165.72601,40143.94902,40218.12693,40125.2875,39851.01137,39901.19063,39835.68157,40338.05349,39870.29142,39843.34709,39816.99049,39679.84616,39818.20512,39438.74487,39619.38414,39514.49874,39359.39204,39776.01085,39765.51609,39351.92191,39363.23612,39363.43813,39829.21662,39868.87682,39936.0553,39632.75957,63921.92492,37818.10926,39749.0564,39817.597805
"128",39959.28571,39305.56637,39275.43935,39166.67829,39189.75576,39197.57758,39799.26611,39636.34038,39616.09281,39620.2102,39587.43027,39597.28966,39646.93726,39517.00801,39538.98588,39436.31614,39297.46966,39235.46494,38878.44753,39456.09263,39398.09538,39557.34576,39555.61767,39574.44846,39545.00339,39491.73456,39387.27699,39582.48608,39195.77236,39145.58502,39294.34274,39193.87524,39075.3746,39111.82045,39251.31996,39099.62432,39345.49516,39012.00626,39174.34326,38969.61282,38927.11312,39257.99042,39147.78681,38881.6575,38947.62952,39123.37387,39349.86055,39251.86852,39265.49921,38652.0272,62837.82722,36902.27572,38855.58536,39251.59424
"129",39868.42857,39501.51711,39633.74616,39562.95274,39697.53783,39727.98772,39697.45679,39556.71087,39582.55363,39594.76782,39584.68344,39535.31633,39570.9236,39544.00039,39497.07611,39304.20298,39519.83089,39629.46118,39421.01852,39789.34207,39795.6556,39540.42737,39549.34918,39573.7562,39569.12824,39490.70675,39694.18901,39613.29862,39239.83078,39222.78107,39351.47366,39403.42013,39307.48321,39440.20446,39492.53851,39441.64468,40000.30965,39389.58502,39569.7984,39489.40404,39535.54098,39864.68357,39350.16451,39474.12584,39607.79099,39607.77771,39580.26777,39347.70516,39428.33755,38913.43799,62266.0836,36302.00876,38807.99688,39483.332175
"130",38732.85714,39626.94092,39716.69713,39665.81226,39678.85821,39738.14288,39853.06227,39713.33561,39740.34523,39743.36671,39731.46102,39759.93984,39754.07177,39704.95158,39685.80319,39554.38949,39583.58853,39805.33,39541.14333,39973.91448,39913.76752,39588.60955,39606.71153,39637.02652,39578.12643,39478.6402,39679.04136,39697.15708,39351.67915,39181.40206,39370.94618,39833.96668,39833.59522,39864.11209,39786.69649,40087.74911,40125.50135,39874.40901,39934.60459,39944.46761,39988.86909,40035.73824,39669.54919,39918.4018,39933.8288,39896.35487,39661.28684,39418.80166,39558.69285,39182.583,62004.83657,35779.53949,38947.31623,39810.331585
"131",38804.42857,38151.79833,38144.41948,38155.2235,37948.03244,37851.15394,38669.25541,38482.01234,38522.16532,38519.50737,38501.37631,38458.1573,38561.12387,38462.38461,38499.22473,38348.55437,38139.20527,38153.54393,38229.6209,38407.03834,38433.41407,38286.17861,38352.99086,38317.86965,38313.24623,38219.22924,38527.82634,38369.98418,38154.87041,38094.26576,38078.24573,37536.10764,38052.04728,38082.97237,37759.44699,37751.76609,38300.65222,38192.21424,38165.32564,38396.68261,38329.76178,38476.90841,37983.99928,38288.61703,38051.56356,37936.47293,38159.85295,38127.04716,38269.38826,38008.87738,61582.63906,34960.49441,37961.07305,38249.50458
"132",37843.14286,38612.69423,38602.87419,38563.1441,38660.6291,38524.40889,38950.44898,38780.39252,38768.52666,38751.04655,38746.66136,38784.2092,38764.05858,38714.43978,38717.23465,38656.33509,38603.9676,38592.12796,38475.07227,38655.30517,38659.86329,38645.55286,38701.92581,38611.78187,38632.38401,38608.16848,38758.36084,38636.75282,38444.96633,38357.29841,38376.38269,38878.22721,39359.97584,39238.91766,39242.2409,39421.3631,39449.2996,39126.49052,38968.24127,38987.11965,38893.66835,39324.23168,39042.02476,38927.62075,38894.29128,38784.47187,38579.73399,38400.52235,38589.25585,38327.21905,61322.54486,34336.58816,38172.41353,38769.04525
"133",37041.71429,37285.3836,37248.76772,37196.25875,37025.38703,37042.29137,37830.39101,37668.12127,37684.34523,37693.50233,37664.65147,37690.85383,37743.25462,37608.47043,37659.74212,37543.37714,37291.55118,37220.39804,36968.29554,37375.8719,37322.1648,37639.51692,37659.36307,37615.05431,37616.26737,37597.96511,37533.48838,37600.44712,37387.22787,37379.31877,37411.34997,37626.44459,37310.93563,37570.77605,37314.45178,36931.90178,37581.15429,37421.18309,37315.73171,37349.21857,37544.73594,37528.19544,37639.38437,37491.35829,37382.08626,37087.48522,37336.12302,37314.10206,37418.67059,36893.27667,60701.91117,33828.18842,37091.2413,37400.378425
"134",35897.14286,36460.3431,36480.41716,36490.42673,36425.83383,36259.02105,36938.26848,36720.73165,36748.81391,36736.32339,36728.26265,36620.30315,36748.69919,36699.83329,36693.47942,36537.60552,36471.48688,36402.80383,36214.75194,36397.02207,36384.66185,36724.50629,36759.36735,36752.09618,36718.95267,36698.19093,36807.12963,36679.2351,36494.03009,36515.93488,36439.88734,37581.29814,36356.44776,36346.80789,36385.55209,36387.5398,36508.98747,36178.44934,36150.69908,36234.76131,36092.99863,36356.74179,36208.49367,36030.36059,36191.28612,36402.36536,36476.74004,36466.50112,36597.45716,36307.60135,60232.3483,33460.18649,36260.09767,36426.026605
"135",35142.42857,35152.68745,35071.32141,35028.95072,34896.77405,34814.95366,35838.22035,35629.04012,35618.28608,35622.80967,35599.56204,35554.42312,35667.62611,35528.75016,35584.33224,35477.15235,35123.99729,35037.0593,34754.57861,35212.84526,35154.21753,35550.80232,35567.92356,35555.98797,35489.80893,35450.9485,35411.96696,35529.08819,35204.6345,35134.11738,35191.09148,35127.6385,34852.14942,34825.55812,34716.45715,34822.32914,35150.42614,34960.21207,35033.08629,34981.41161,34848.12566,34987.41208,34882.55347,34673.45762,34688.25396,34841.08246,35161.08471,35201.40081,35262.29413,34832.5384,59410.47692,33037.09646,34960.58118,35139.03232
"136",34846.85714,34462.39137,34470.26661,34431.63266,34415.67729,34319.95507,34991.13758,34778.66921,34783.80003,34786.32408,34777.42199,34663.41881,34795.4888,34740.3885,34738.18961,34561.13677,34488.14389,34392.11918,34257.81308,34509.16004,34461.17623,34735.27525,34773.03864,34729.21396,34765.22216,34701.20274,34812.66739,34753.33953,34448.3925,34480.45283,34489.11749,34097.31731,34278.36361,34280.21812,34209.19917,34228.41754,35120.05478,34454.87658,34557.80442,34486.09479,34356.81644,34842.13044,34406.2074,34286.03177,34355.54944,34264.17111,34495.30702,34463.04772,34533.40065,34099.08007,58663.6513,32242.78153,34140.2965,34408.362835
"137",36195.57143,34395.43595,34427.96996,34356.11798,34395.85502,34385.8258,34799.84377,34631.8613,34634.08736,34647.5407,34640.41118,34590.66385,34644.11742,34607.29791,34606.68573,34455.28292,34378.45054,34430.81344,34046.50332,34569.24995,34462.07854,34626.56639,34624.868,34630.82871,34592.289,34522.06622,34553.03815,34615.27003,34248.3274,34187.1844,34319.86766,35052.01309,34817.24466,34857.48687,34809.85887,34964.59787,35606.33026,34912.64219,34944.74883,34774.80098,34856.72355,35030.32393,34952.25951,34742.18325,34805.8891,34588.39431,34433.72376,34297.17597,34388.15362,33893.53255,58064.7727,31436.98784,33859.36452,34686.50598
"138",36316,36541.50507,36701.75276,36600.17569,36927.01313,37173.47452,36452.76268,36348.82373,36366.60049,36379.55609,36383.81056,36440.1886,36314.47808,36412.63585,36349.51794,36283.177,36536.26264,36798.83391,36639.25369,36880.01329,36776.25377,36294.47712,36340.29944,36268.41216,36358.36331,36294.82951,36468.16164,36343.14687,36092.79061,35988.45632,36187.71375,34900.70274,36239.21626,36458.23193,36339.7363,36584.1471,36814.76404,36205.58207,36520.84395,36363.21685,36662.34888,36423.77004,35884.59345,36556.35938,36758.15438,36632.9883,36582.78838,36159.80362,36347.58844,35901.93289,58210.59999,31107.63684,35492.24833,36451.97391
"139",28106.85714,36478.38067,36580.68178,36562.81292,36443.82883,36692.23673,36656.83461,36537.00567,36588.7346,36593.64159,36575.09622,36654.2952,36599.67607,36561.92735,36554.72973,36493.72842,36453.84573,36702.34024,36560.39092,36850.94503,36812.08335,36476.54033,36517.01725,36443.77871,36462.49125,36421.26355,36588.77679,36446.18339,36313.71487,36268.44934,36315.37665,36993.13404,36700.76292,36824.32691,36631.59384,36854.20135,37192.19501,37077.54469,36752.26788,37008.54507,37021.63903,37020.57836,36641.69249,37022.71366,37048.94366,37059.75083,36539.31155,36322.26465,36529.59047,36134.09143,58474.93364,31415.64182,35863.74594,36641.69249
"140",49672.14286,24741.89943,24307.95055,24637.40316,26127.08537,25356.96262,27523.39715,26756.92696,26836.18515,26914.41567,26695.65899,25809.98322,27190.92522,26690.16671,26846.03842,26709.2017,24737.15687,24097.47868,24241.72893,23983.9818,24297.86217,26640.65033,26737.20109,26845.87864,26563.26088,26619.2855,26659.21964,26749.53054,26567.51563,26387.08501,25863.10085,29061.12666,24731.87483,24552.3979,23752.40336,22866.53459,25403.62882,25383.21578,24706.9206,25462.93477,24470.87106,25344.25474,26172.6792,24724.71214,23271.79138,23031.21226,24730.3348,25997.07593,25928.55422,25945.9875,56238.39874,29375.21264,27079.70967,27079.70967
"141",44859,57632.37745,58681.69129,58006.65989,35582.92551,49972.83868,54106.00963,53303.33166,52885.45576,53342.42437,53066.73487,52495.20315,53169.77487,54156.22662,53750.21637,53443.05817,57604.4707,51531.02982,53791.02226,56626.60064,54390.4163,53018.69896,53007.851,52789.09388,54163.74695,54086.40414,53161.21592,53011.83796,54310.05286,51185.36605,52288.32463,44117.905,58682.50098,58508.72192,53647.9904,62327.38952,57990.53892,54863.38105,56944.71458,53911.82777,55083.3262,56004.16912,53655.05546,55713.98194,55414.2027,55460.653,57300.65284,53754.63053,54677.59464,54487.64757,61374.62072,32386.78659,50736.10862,50736.10862
"142",43994.71429,45285.15973,45577.47239,49262.09935,40918.72985,46217.45768,44910.73236,46280.97084,46444.94511,46104.5274,46171.32029,48292.08172,46438.89752,47902.98424,47619.06675,47360.7716,45302.82148,45999.47041,43946.28252,48216.93169,47244.36212,45525.74971,45696.34745,45785.56358,45508.1861,46472.216,44460.80399,48369.71634,47309.83062,45081.30921,47726.7619,51122.7169,44263.21958,45221.32543,44151.74975,43300.83697,46869.25092,48721.79125,46884.89532,48368.76113,49358.02466,47937.46766,48253.2669,48948.80987,48064.31107,45740.19723,46215.87908,46467.34821,46421.69613,43776.07482,62404.69638,37879.61852,45289.73714,48253.2669
"143",42401.71429,44801.65276,45178.34452,46416.64941,50995.88346,52695.22864,43752.29591,43894.53491,44051.92832,44163.24024,44180.82205,43031.77811,43997.27592,43725.84413,44251.42709,45523.94138,44817.18734,45714.73172,45275.62262,52809.90828,46279.71036,44829.88812,44669.7925,44679.55576,44404.59411,44623.8756,44683.21583,44695.29672,46634.00867,45128.11677,42681.06157,54236.52831,43187.0558,44598.10615,46826.34736,46353.9119,43468.74902,44109.99118,43728.00734,46023.20235,43361.36365,44196.64068,43598.05416,43271.27565,43951.50021,44226.47524,44232.60042,44892.35964,45939.29597,49651.626,67136.48441,40506.19554,46354.1003,46354.1003
"144",37564.57143,42376.18853,42387.59565,41550.96158,49972.08918,43457.55742,44254.53979,44833.30929,45147.18393,45804.10738,45635.92564,44325.91771,43495.91939,45395.74535,46200.97532,49604.37486,42716.20567,40063.55061,40035.98237,46483.24817,41425.51105,42559.78458,44196.09567,43856.88559,43897.77821,44959.92025,41365.52367,43493.71258,46233.31242,44602.9268,44118.10491,31400.09331,40836.72602,41410.9911,40808.1996,47112.00616,39074.40934,42301.50083,42733.6118,42695.78656,40332.78882,38825.71991,41003.74841,40197.04188,39423.88526,39646.56454,41833.07349,42616.91436,42432.03797,41780.04616,65302.42489,41289.19287,43219.2599,41003.74841
"145",31993.28571,34819.69854,34873.7659,35008.39602,35417.19233,34079.32437,36083.66732,35509.97544,35716.9135,35741.14632,35712.32099,34589.87909,35792.05063,35342.67018,35276.64038,34412.96235,35588.74782,36838.15785,36314.91921,40582.60676,34788.89873,37279.12743,36765.92374,37643.16469,38025.64574,39427.277,36163.94114,37367.18389,39264.89862,41148.33195,39372.47492,37269.14681,34258.80683,36064.35568,34473.25104,35645.22632,39475.84666,35124.34903,35153.95691,35092.14199,35861.6952,40590.51529,38872.59742,35366.15818,37143.53382,35316.14715,35263.3795,36468.59024,36092.16942,34875.34898,62931.49187,40368.85956,36609.57987,37269.14681
"146",68514.57143,28585.44873,28226.75354,28296.25666,29165.46434,28575.36368,30853.56889,30022.39078,29943.86262,29920.01897,29851.9443,28802.13307,30123.52159,29459.53822,29572.44649,29116.06494,28298.67743,28429.72063,33205.76077,32748.16919,28690.12355,30341.77737,29944.31341,31608.76054,32575.46407,34064.03946,29192.59651,28843.58575,33026.91451,33634.89234,33622.033,50287.63688,37629.97185,32936.98091,34631.4406,40066.76301,32578.13522,33148.8913,35537.17343,31721.21389,30087.1867,29148.50046,34960.80657,27930.95412,31129.34974,32164.35165,28610.22167,29794.04631,29288.6551,28673.11558,59586.15392,38120.98227,29553.8647,34960.80657
"147",36522.28571,82510.51821,68677.79231,82860.12101,31304.81622,69266.38222,79053.68624,75761.81467,74846.39868,76753.049,74932.09621,71304.95287,76276.56747,77581.66143,75883.61418,78340.91452,82515.1081,71077.63256,64590.2634,75705.8036,71811.92266,76424.21314,75451.01997,75705.04098,81664.03856,83755.42638,75536.49368,80053.85522,83299.79493,72903.18026,78943.95822,40293.16297,72570.80896,74550.46955,61056.36836,63997.00261,69437.77717,65712.48521,60330.5602,64948.59603,61881.17703,66978.08649,65038.09627,57801.44889,59330.6472,53728.28821,82472.81339,76386.79264,77261.81112,76031.19245,68714.82554,44233.75371,69878.46878,65038.09627
"148",36521.28571,27737.2241,26248.51514,37203.71562,33063.96899,37408.95632,29284.54539,33081.11992,32720.23634,33814.46026,33715.68373,36041.61774,34507.9077,43411.12267,44291.83972,39391.30662,27712.57569,27166.18527,22284.02707,28344.59389,28941.16401,29585.09025,30926.1539,33159.93622,34917.5845,34164.9455,31800.15553,36454.60473,43091.79333,35356.09678,37415.89995,60972.41392,31442.461,30154.53665,26782.82471,30292.15662,37103.32531,40502.50926,31913.86637,40170.51388,42842.07796,35362.45304,39972.32708,38883.58924,35463.72399,29511.79905,29187.88731,33774.01126,32812.14782,30476.42645,65123.215,48821.72261,35766.46164,39972.32708
"149",36521.28571,35387.2844,34755.70219,55348.71658,56907.9685,59585.73989,30932.18787,34085.98063,36965.24696,35292.4949,34908.01384,35665.37768,33895.06691,37228.66185,34017.54775,41171.33888,35139.67623,40106.1011,37038.18555,51803.76578,38972.06776,33934.49295,33793.65395,35282.94655,30692.13463,34706.19138,35744.28952,40477.77037,35131.52707,27938.88085,28930.65018,34527.88156,30328.64727,36289.51957,44231.25221,38016.63566,37642.32516,31091.89014,36930.64904,34600.66966,30635.65777,32092.15123,33911.24263,41854.86586,26528.12409,29441.86655,33256.89675,34601.56684,35854.16433,41864.79689,68248.08897,41084.59585,38125.63079,34527.88156
